,titulo,tipo,precio,condicion,ubicacion,tiempo,reputacion,pago
0,Tv Tcl 55 4k Smartv L55p62us 2añosgarantia Netflix +obsequio,Televisión y Video,599.0,Nuevo  -  177 vendidos,"Quito, Pichincha ( Quito )",10 Años,98% de compradores lo recomiendan,Tarjeta de Crédito
1,Led Tcl Smartv 65 4k Uhd Hdr Harman Kardon Curva Qled Dot,Televisión y Video,1.399,Nuevo  -  6 vendidos,"Quito, Pichincha ( Quito )",10 Años,98% de compradores lo recomiendan,Tarjeta de Crédito
2,Smart Tv 32 Pulgadas L32s62s 7t1090d Hd Marca Tcl,Televisión y Video,237.0,Nuevo  -  7 vendidos,"Guayaquil, Guayas",2 Años,vacio,Efectivo
3,Tv Lg 32 Smart 32lj600b Webos 3.5 Gratis 1 Mes Peliculas,Televisión y Video,369.0,Nuevo  -  127 vendidos,"Quito, Pichincha ( Quito )",1 Año,97% de compradores lo recomiendan,Tarjeta de Crédito
4,Televisor Samsung Smart Tv 43 Full Hd 2 Años De Garantia,Televisión y Video,559.0,Nuevo  -  24 vendidos,"Quito, Pichincha ( Quito )",1 Año,97% de compradores lo recomiendan,Tarjeta de Crédito
5,Tv Samsung Smart 65mu6100 4k+barra De Sonido+garantia 2 Años,Televisión y Video,1.399,Nuevo  -  16 vendidos,"Quito, Pichincha ( Quito )",2 Años,99% de compradores lo recomiendan,vacio
6,Tcl Televisor Led 50¨ Smart Tv 4k Wifi Señal Digital 55 49,Televisión y Video,532.0,Nuevo  -  34 vendidos,"Quito, Pichincha ( Quito )",11 Años,99% de compradores lo recomiendan,Tarjeta de Crédito
7,Tcl Smart Tv 49 4k Incluido Iva,Televisión y Video,564.0,Nuevo  -  137 vendidos,"Quito, Pichincha ( Quito )",7 Años,vacio,Tarjeta de Crédito
8,Televisor Smart Tv 32 Uhd Wifi Netflix Youtube Y Mas,Televisión y Video,239.0,Nuevo  -  1277 vendidos,"Quito, Pichincha ( Quito )",1 Año,90% de compradores lo recomiendan,Tarjeta de Crédito
9,Tv Samsung 58 Smart 4k Hdr Un58mu6120 Flat,Televisión y Video,878.0,Nuevo  -  84 vendidos,"Quito, Pichincha ( Quito )",1 Año,97% de compradores lo recomiendan,Efectivo
10,Tcl Televisor Led 55¨ Smart Tv 4k Uhd Curvo Netflix You Tube,Televisión y Video,654.0,Nuevo  -  4 vendidos,"Quito, Pichincha ( Quito )",1 Año,97% de compradores lo recomiendan,Tarjeta de Crédito
11,Televisor Samsung Smart Tv 65 Curved 4k Incl Iva 32/43/48/55,Televisión y Video,1.649,Nuevo  -  24 vendidos,"Quito, Pichincha ( Quito )",2 Años,97% de compradores lo recomiendan,Tarjeta de Crédito
12,Led Smartv 32 Lg Nuevo 2018 Wifi Usb Isdbt Webos3.5 +soporte,Televisión y Video,359.0,Nuevo  -  625 vendidos,"Quito, Pichincha ( Quito )",10 Años,98% de compradores lo recomiendan,Tarjeta de Crédito
13,Samsung Led 65 Smarttv 4k Hdr Pro Controlvoz Bluetooth Barra,Televisión y Video,1.2990000000000002,Nuevo  -  99 vendidos,"Quito, Pichincha ( Quito )",10 Años,98% de compradores lo recomiendan,Tarjeta de Crédito
14,Tcl Smart Tv 43'' Incluido Iva,Televisión y Video,378.0,Nuevo  -  21 vendidos,"Guayaquil, Guayas",1 Año,vacio,Tarjeta de Crédito
15,Tcl Smart Tv 40 Full Hd Incluido Iva,Televisión y Video,360.0,Nuevo  -  68 vendidos,"Quito, Pichincha ( Quito )",7 Años,vacio,Tarjeta de Crédito
16,Convertidor Smart Tv Box 4k Wifi Canales Android Mxq + Kodi,Televisión y Video,40.0,Nuevo  -  316 vendidos,"Guayaquil, Guayas",7 Años,93% de compradores lo recomiendan,vacio
17,Televisor Samsung Smart Tv 58 Uhd 4k Incluye Iva 32/43/48/55,Televisión y Video,947.0,Nuevo  -  21 vendidos,"Quito, Pichincha ( Quito )",2 Años,97% de compradores lo recomiendan,Tarjeta de Crédito
18,Tcl 49 4k Smart Tv Harman Kardon Incluido Iva,Televisión y Video,698.0,Nuevo  -  6 vendidos,"Guayaquil, Guayas",1 Año,vacio,Tarjeta de Crédito
19,Televisor Lg 49 Smart Tv Web Os 3.5 4k Incl. Iva 32/43/48/55,Televisión y Video,769.0,Nuevo  -  6 vendidos,"Quito, Pichincha ( Quito )",2 Años,97% de compradores lo recomiendan,Tarjeta de Crédito
20,Led Samsung Smartv 43 43j5200ah Wifi Usb Hdmi Isdbt,Televisión y Video,539.0,Nuevo,"Quito, Pichincha ( Quito )",10 Años,98% de compradores lo recomiendan,Tarjeta de Crédito
21,Samsung 50 4k Nueva 2018 De Paquete !,Televisión y Video,689.0,Nuevo  -  31 vendidos,"Cuenca, Azuay",2 Años,vacio,vacio
22,Televisor Smart Tv Tcl 43 Usb Wifi Netflix Hdmi -vip.com,Televisión y Video,439.0,Nuevo  -  11 vendidos,"Guayaquil, Guayas",2 Años,97% de compradores lo recomiendan,Tarjeta de Crédito
23,Diggio Led Smart Tv 49 Full Hd Android Gratis Soporte,Televisión y Video,497.0,Nuevo  -  12 vendidos,"Quito, Pichincha ( Quito )",1 Año,97% de compradores lo recomiendan,Tarjeta de Crédito
24,Lg Televisor Led 43¨ Smarttv Full Hd Wifi Usb Hdmi +cobertor,Televisión y Video,598.0,Nuevo  -  19 vendidos,"Quito, Pichincha ( Quito )",11 Años,99% de compradores lo recomiendan,Tarjeta de Crédito
25,Tcl 50 Smart Tv Uhd /4k Incluido Iva,Televisión y Video,530.0,Nuevo  -  20 vendidos,"Quito, Pichincha ( Quito )",7 Años,vacio,Tarjeta de Crédito
26,Tv Led 43 Lg 43lk5700 New 2019 Smart Full Hd Webos 3.5,Televisión y Video,579.0,Nuevo  -  73 vendidos,"Quito, Pichincha ( Quito )",1 Año,97% de compradores lo recomiendan,Tarjeta de Crédito
27,Televisor 32 Pulgadas Jvc Smart Tv,Televisión y Video,238.0,Nuevo  -  81 vendidos,"Quito, Pichincha ( Quito )",10 Meses,96% de compradores lo recomiendan,Tarjeta de Crédito
28,Samsung Smart Tv Uhd / 4k 65 Con Barra De Sonido Inc Iva,Televisión y Video,1.33,Nuevo  -  9 vendidos,"Guayaquil, Guayas",1 Año,vacio,Tarjeta de Crédito
29,Tcl Televisor Led 65¨ Smart Tv 4k Curvo Linux Netflix Youtub,Televisión y Video,1.393,Nuevo  -  4 vendidos,"Quito, Pichincha ( Quito )",11 Años,99% de compradores lo recomiendan,Tarjeta de Crédito
30,Tcl Televisor Led 65 Pulg Smart Tv 4k Uhd Netflix Youtube 55,Televisión y Video,1.148,Nuevo,"Quito, Pichincha ( Quito )",11 Años,99% de compradores lo recomiendan,Tarjeta de Crédito
31,Impresora Epson L606 Duplex Wifi 2018 Escan,Televisión y Video,249.0,Nuevo  -  3 vendidos,"Quito, Pichincha ( Quito )",10 Años,98% de compradores lo recomiendan,Tarjeta de Crédito
32,Televisor Samsung Smart Tv 55 Curved Uhd 4k Inc Iva 32/43/48,Televisión y Video,1.119,Nuevo  -  16 vendidos,"Quito, Pichincha ( Quito )",2 Años,97% de compradores lo recomiendan,Tarjeta de Crédito
33,Lg Smart Tv 55 Uhd/4k 55uj6320 Incluido Iva,Televisión y Video,875.0,Nuevo  -  3 vendidos,"Quito, Pichincha ( Quito )",7 Años,vacio,Tarjeta de Crédito
34,Tcl Televisor Led 55¨ Smart Tv 4k Uhd Linux Netflix You Tube,Televisión y Video,628.0,Nuevo  -  38 vendidos,"Quito, Pichincha ( Quito )",11 Años,99% de compradores lo recomiendan,Tarjeta de Crédito
35,Samsung Led 65¨ Smart Tv 4k Hdr Pro Control Voz Bluetooth,Televisión y Video,1.399,Nuevo  -  9 vendidos,"Quito, Pichincha ( Quito )",1 Año,97% de compradores lo recomiendan,Tarjeta de Crédito
36,Tcl Televisor Led 55¨ Smart Tv 4k Uhd Curvo Netflix You Tube,Televisión y Video,694.0,Nuevo  -  26 vendidos,"Quito, Pichincha ( Quito )",11 Años,99% de compradores lo recomiendan,Tarjeta de Crédito
37,Frigobar Mini Refrigerador Midea Blanco2.3pies 50lts Defrost,Televisión y Video,99.0,Nuevo  -  3 vendidos,"Quito, Pichincha ( Quito )",10 Años,98% de compradores lo recomiendan,Tarjeta de Crédito
38,Tv Lg 65 65uj6320 Smart 4k Hdr Web Os 3.5 Magic Control,Televisión y Video,1.199,Nuevo  -  7 vendidos,"Quito, Pichincha ( Quito )",10 Años,98% de compradores lo recomiendan,Tarjeta de Crédito
39,Frigobar Mini Refrigerador Midea Croma 4 Pies 121lts Defrost,Televisión y Video,139.0,Nuevo  -  8 vendidos,"Quito, Pichincha ( Quito )",10 Años,98% de compradores lo recomiendan,vacio
40,Sony Smart Tv 55 Uhd / 4k Incluido Iva,Televisión y Video,853.0,Nuevo  -  15 vendidos,"Quito, Pichincha ( Quito )",7 Años,vacio,Tarjeta de Crédito
41,Tcl Televisor Led 55¨ Smart Tv 4k Harman Kardon Uhd Netflix,Televisión y Video,848.0,Nuevo  -  28 vendidos,"Quito, Pichincha ( Quito )",11 Años,99% de compradores lo recomiendan,Tarjeta de Crédito
42,Sony Smartv Led 40 40w659d Isdbt Wifi Canales Hd,Televisión y Video,509.0,Nuevo  -  33 vendidos,"Quito, Pichincha ( Quito )",10 Años,98% de compradores lo recomiendan,Tarjeta de Crédito
43,Tcl Televisor Led 65 Pulg Smart Tv 4k Uhd Señal Digital Wifi,Televisión y Video,1.148,Nuevo  -  5 vendidos,"Quito, Pichincha ( Quito )",11 Años,99% de compradores lo recomiendan,Tarjeta de Crédito
44,Lg 49 Smart Lk54 Nueva 2018,Televisión y Video,589.0,Nuevo  -  107 vendidos,"Cuenca, Azuay",2 Años,vacio,vacio
45,Tcl Smart Tv 40 Uhd / 4k Incluido Iva,Televisión y Video,434.0,Nuevo  -  2 vendidos,"Guayaquil, Guayas",1 Año,vacio,Tarjeta de Crédito
46,Sony Televisor Led 32 Pulgadas Smart Tv Usb Hd Wifi Netflix,Televisión y Video,378.0,Nuevo  -  56 vendidos,"Quito, Pichincha ( Quito )",1 Año,97% de compradores lo recomiendan,Tarjeta de Crédito
47,Tv Smart Tcl 40 4k + Parlante Amplificado 15 50000,Televisión y Video,510.0,Nuevo  -  2 vendidos,"Quito, Pichincha ( Quito )",2 Años,95% de compradores lo recomiendan,Efectivo
48,Lg Smartv Led 43 Ultimo Modelo Fullhd Isdbt 2018 Bluetooth,Televisión y Video,549.0,Nuevo  -  2 vendidos,"Quito, Pichincha ( Quito )",10 Años,98% de compradores lo recomiendan,Tarjeta de Crédito
49,Nueva Lg 43 Smart 4k Uk63 Nueva 2018 Gratis Control Magico,Televisión y Video,549.0,Nuevo  -  83 vendidos,"Cuenca, Azuay",2 Años,vacio,vacio
50,Samsung Smart Tv 4k 55 Incluido Iva,Televisión y Video,850.0,Nuevo  -  22 vendidos,"Quito, Pichincha ( Quito )",7 Años,vacio,Tarjeta de Crédito
51,Tcl 50 Smart Tv Uhd /4k Incluido Iva,Televisión y Video,530.0,Nuevo  -  3 vendidos,"Guayaquil, Guayas",1 Año,vacio,Tarjeta de Crédito
52,Samsung 49 Curve 4k Nueva De Paquete,Televisión y Video,699.0,Nuevo  -  59 vendidos,"Cuenca, Azuay",2 Años,vacio,vacio
53,Tcl Smart Tv 32 Fhd 2 Años Garantia,Televisión y Video,237.0,Nuevo  -  30 vendidos,"Quito, Pichincha ( Quito )",2 Años,95% de compradores lo recomiendan,Efectivo
54,Tv Smart Tcl 32 + Parlante Amplificado 15 50000,Televisión y Video,359.0,Nuevo  -  3 vendidos,"Quito, Pichincha ( Quito )",2 Años,95% de compradores lo recomiendan,Efectivo
55,Samsung Refrigeradora Side By Side De 25 Pies,Televisión y Video,1.099,Nuevo  -  2 vendidos,"Quito, Pichincha ( Quito )",10 Años,98% de compradores lo recomiendan,Tarjeta de Crédito
56,Tcl Televisor Led 49 Curvo Smart Tv Full Hd Netflix Obsequio,Televisión y Video,514.0,Nuevo  -  17 vendidos,"Quito, Pichincha ( Quito )",10 Años,98% de compradores lo recomiendan,Tarjeta de Crédito
57,Tv Smart 55 4k Tcl + Parlante Amplificado 15 50000,Televisión y Video,739.0,Nuevo  -  2 vendidos,"Quito, Pichincha ( Quito )",2 Años,95% de compradores lo recomiendan,Efectivo
58,Tv/monitor Samsung 24 Lt24h310hlb Hdmi Usb Señal Digital,Televisión y Video,264.0,Nuevo  -  3 vendidos,"Quito, Pichincha ( Quito )",1 Año,97% de compradores lo recomiendan,Tarjeta de Crédito
59,Tv Tcl 50 Smartv 4k Hdr Pro + Obsequio,Televisión y Video,534.0,Nuevo  -  23 vendidos,"Quito, Pichincha ( Quito )",10 Años,98% de compradores lo recomiendan,Tarjeta de Crédito
60,Lg 49 Smart 4k Uj65 Nueva 2018 Edision Futbol,Televisión y Video,689.0,Nuevo  -  56 vendidos,"Cuenca, Azuay",2 Años,vacio,vacio
61,Tcl Smart Tv 55 L55pius 4k Inc Iva Gratis Soporte,Televisión y Video,621.0,Nuevo  -  4 vendidos,"Quito, Pichincha ( Quito )",7 Años,vacio,Tarjeta de Crédito
62,Televisor Samsung Smart Tv 43 Full Hd Led 32/48/55 Inc. Iva,Televisión y Video,575.0,Nuevo  -  17 vendidos,"Quito, Pichincha ( Quito )",2 Años,97% de compradores lo recomiendan,Tarjeta de Crédito
63,"Televisor Samsung Tv 32 Hd Usb, Nuevo, Incluye Iva 43/48/55",Televisión y Video,298.0,Nuevo  -  26 vendidos,"Quito, Pichincha ( Quito )",2 Años,97% de compradores lo recomiendan,Tarjeta de Crédito
64,Lg Smart Tv 65 Uhd/4k + Barra De Sonido Incluido Iva,Televisión y Video,1.329,Nuevo  -  22 vendidos,"Quito, Pichincha ( Quito )",7 Años,vacio,Tarjeta de Crédito
65,Tv Led Sony 55 Kd-55x725f Uhd 4k Hdr Xr-240,Televisión y Video,839.0,Nuevo  -  28 vendidos,"Quito, Pichincha ( Quito )",1 Año,97% de compradores lo recomiendan,Tarjeta de Crédito
66,Tcl 55 4k Smart Incluido Iva,Televisión y Video,621.0,Nuevo  -  59 vendidos,"Guayaquil, Guayas",1 Año,vacio,Tarjeta de Crédito
67,Tv Samsung 55 Curva Smartv 4k 55mu6300g 2018 Isdbt,Televisión y Video,949.0,Nuevo  -  133 vendidos,"Quito, Pichincha ( Quito )",10 Años,98% de compradores lo recomiendan,Tarjeta de Crédito
68,Televisor Samsung Tv Led 39 - 40 Hdmi Full Hd Nuevo Garantía,Televisión y Video,419.0,Nuevo  -  89 vendidos,"Quito, Pichincha ( Quito )",4 Años,98% de compradores lo recomiendan,Tarjeta de Crédito
69,Tv Tcl Smart Curvo 49 Full Hd Señal Digital Marco Métalico,Televisión y Video,568.0,Nuevo  -  32 vendidos,"Quito, Pichincha ( Quito )",1 Año,97% de compradores lo recomiendan,Tarjeta de Crédito
70,Tv Lg Smartv 4k 60 60uj6580 Uhd Magic Isdbt 2018 Webos 3.5,Televisión y Video,989.0,Nuevo  -  140 vendidos,"Quito, Pichincha ( Quito )",10 Años,98% de compradores lo recomiendan,Tarjeta de Crédito
71,Tv Led Diggio 32 Smart Android Hd Wifi Soporte New 2018,Televisión y Video,239.0,Nuevo  -  229 vendidos,"Quito, Pichincha ( Quito )",1 Año,97% de compradores lo recomiendan,Tarjeta de Crédito
72,Tv Samsung 65 Smartv 4k Curva Isdbt 65mu6500 Controlvoz 2018,Televisión y Video,1.589,Nuevo  -  60 vendidos,"Quito, Pichincha ( Quito )",10 Años,98% de compradores lo recomiendan,Tarjeta de Crédito
73,"Tv Samsung Smart 55mu6100,4k+barra+2años Garantía Samsung",Televisión y Video,899.0,Nuevo  -  66 vendidos,"Quito, Pichincha ( Quito )",2 Años,99% de compradores lo recomiendan,vacio
74,Tv Tcl 55 4k Curva Smartv L55p3cus Netflix 2018 +obsequio,Televisión y Video,649.0,Nuevo  -  15 vendidos,"Quito, Pichincha ( Quito )",10 Años,98% de compradores lo recomiendan,Tarjeta de Crédito
75,Tcl Televisor Led 49 Curvo Smart Tv Full Hd Netflix Garantia,Televisión y Video,588.0,Nuevo  -  101 vendidos,"Quito, Pichincha ( Quito )",11 Años,99% de compradores lo recomiendan,Tarjeta de Crédito
76,"Televisor Samsung Smart Tv 32 Hd, Usb, Incluye Iva 43/48/55",Televisión y Video,389.0,Nuevo  -  12 vendidos,"Quito, Pichincha ( Quito )",2 Años,97% de compradores lo recomiendan,Tarjeta de Crédito
77,"Tv Samsung Smart Tv 43j5200,+2años Garantia Samsung+soporte.",Televisión y Video,549.0,Nuevo  -  97 vendidos,"Quito, Pichincha ( Quito )",2 Años,99% de compradores lo recomiendan,vacio
78,Tv Led Diggio 43 Smart Android Tvls43dn7 Gratis Soporte,Televisión y Video,444.0,Nuevo  -  4 vendidos,"Quito, Pichincha ( Quito )",1 Año,97% de compradores lo recomiendan,Tarjeta de Crédito
79,Lg 32 Smart Lj55 Nueva De Paquete 2018,Televisión y Video,329.0,Nuevo  -  50 vendidos,"Cuenca, Azuay",2 Años,vacio,vacio
80,Smart Tv Tcl 4k Uhd 50 Pulgadas Nuevas De Paquete,Televisión y Video,548.0,Nuevo  -  15 vendidos,"Quito, Pichincha ( Quito )",5 Años,99% de compradores lo recomiendan,Tarjeta de Crédito
81,Kit Directv Prepago Hd Nuevos De Paquete,Televisión y Video,65.0,Nuevo  -  17 vendidos,"Quito, Pichincha ( Quito )",5 Años,99% de compradores lo recomiendan,Tarjeta de Crédito
82,Samsung Smart Tv 4k 65 Gratis Barra De Sonido Incluido Iva,Televisión y Video,1.33,Nuevo  -  4 vendidos,"Quito, Pichincha ( Quito )",7 Años,vacio,Tarjeta de Crédito
83,Parlante Thunder B307 Bluetooth Usb Bateria Recargable Radio,Televisión y Video,19.0,Nuevo  -  2 vendidos,"Quito, Pichincha ( Quito )",10 Años,98% de compradores lo recomiendan,Tarjeta de Crédito
84,"Caja Amplificada Bazzuka 20.000w+pedestal+microfono,inc Iva",Televisión y Video,183.0,Nuevo  -  6 vendidos,"Quito, Pichincha ( Quito )",5 Años,99% de compradores lo recomiendan,Tarjeta de Crédito
85,Tv Tcl 55 4k Smartv Android Harman Kardon Canaleshd Netflix,Televisión y Video,769.0,Nuevo  -  3 vendidos,"Quito, Pichincha ( Quito )",10 Años,98% de compradores lo recomiendan,Tarjeta de Crédito
86,Tv Lg 32 Smart 32lj600b Wos 3.5 Dual Core Garantía Ecuador,Televisión y Video,369.0,Nuevo  -  5 vendidos,"Guayaquil, Guayas",5 Meses,100% de compradores lo recomiendan,Efectivo
87,Smart Tv Samsung 49 Curved Uhd 4k Un49mu6300g Incluye Iva,Televisión y Video,774.0,Nuevo  -  35 vendidos,"Guayaquil, Guayas",4 Años,97% de compradores lo recomiendan,Tarjeta de Crédito
88,Lg 4k Uhd 65 Pulgadas Smart Tv Netflix You Tube + Magic Remo,Televisión y Video,1.199,Nuevo  -  25 vendidos,"Quito, Pichincha ( Quito )",10 Años,97% de compradores lo recomiendan,Tarjeta de Crédito
89,Tv Led 58 Uhd 4k Samsung Ultra Delgado Smart,Televisión y Video,865.0,Nuevo  -  21 vendidos,"Quito, Pichincha ( Quito )",2 Años,89% de compradores lo recomiendan,Tarjeta de Crédito
90,Smart Tv 32 Android 7 Modelo 2018 Led Wifi Usb Hdmi Eddd,Televisión y Video,249.0,Nuevo  -  181 vendidos,"Quito, Pichincha ( Quito )",3 Años,98% de compradores lo recomiendan,Tarjeta de Crédito
91,Lg Smart Tv 49 Full Hd Incluido Iva,Televisión y Video,599.0,Nuevo  -  41 vendidos,"Quito, Pichincha ( Quito )",7 Años,vacio,Tarjeta de Crédito
92,"Samsung Smart Tv Hd 32 Pulgadas- J4300 2018 $284,9",Televisión y Video,284.0,Nuevo  -  57 vendidos,"cuecnca, Azuay",13 Años,99% de compradores lo recomiendan,Efectivo
93,Televisor Smart Tv Full Hd De 32 Pulgadas En Oferta Mundial,Televisión y Video,239.0,Nuevo  -  53 vendidos,"Guayaquil, Guayas",4 Años,97% de compradores lo recomiendan,Tarjeta de Crédito
94,Televisor Samsung 55 Smart Tv Serie 6 Nuevo Netflix Garantia,Televisión y Video,799.0,Nuevo  -  65 vendidos,"Quito, Pichincha ( Quito )",4 Años,98% de compradores lo recomiendan,Tarjeta de Crédito
95,Lg Televisor Led 49¨ Uhd 4k Smart Wifi Usb Hdmi Webos 3.5,Televisión y Video,797.0,Nuevo  -  6 vendidos,"Quito, Pichincha ( Quito )",11 Años,99% de compradores lo recomiendan,Tarjeta de Crédito
96,Samsung Led 65¨ Smart Tv Ultra Hd 4k Uhd + Remote Smart Hdr,Televisión y Video,1.399,Nuevo  -  103 vendidos,"Quito, Pichincha ( Quito )",11 Años,99% de compradores lo recomiendan,Tarjeta de Crédito
97,Tcl Televisor Led 49 Android Tv 4k Ultra Hd Harman Kardon,Televisión y Video,688.0,Nuevo  -  5 vendidos,"Quito, Pichincha ( Quito )",11 Años,99% de compradores lo recomiendan,Tarjeta de Crédito
98,Lg 65 4k Uk63 2018 Nueva De Paquete,Televisión y Video,1.2990000000000002,Nuevo,"Cuenca, Azuay",2 Años,vacio,vacio
99,Samsung Televisor Led 55¨ 4k Uhd Smart Ultra Slim Usb,Televisión y Video,998.0,Nuevo  -  5 vendidos,"Quito, Pichincha ( Quito )",11 Años,99% de compradores lo recomiendan,Tarjeta de Crédito
0,"Computador Gamer Cpu Intel Core I5 Dd 500gb M 4g, I7 Oferta",Computadoras y Servidores,329.0,Nuevo  -  85 vendidos,"Quito, Pichincha ( Quito )",4 Años,98% de compradores lo recomiendan,Tarjeta de Crédito
1,"Cyber 5 Computadoras Dual Core Completas Y Nuevas I3,i5,i7",Computadoras y Servidores,2.3,Nuevo  -  33 vendidos,"Quito, Pichincha ( Quito )",2 Años,97% de compradores lo recomiendan,Tarjeta de Crédito
2,Computador Cpu Intel Core I7 3.6 7ma Gen 2tb 4gb Led 20 Dvd,Computadoras y Servidores,697.0,Nuevo  -  103 vendidos,"Quito, Pichincha ( Quito )",2 Años,97% de compradores lo recomiendan,Tarjeta de Crédito
3,Cpu Economico Varios Modelos,Computadoras y Servidores,75.0,Usado  -  8 vendidos,"Cuenca, Azuay",9 Años,vacio,Efectivo
4,"Computadora Cpu Intel Core I5 3.0 7ma 2tb 8gb Gt-730 2gb, I7",Computadoras y Servidores,665.0,Nuevo  -  24 vendidos,"Quito, Pichincha ( Quito )",2 Años,97% de compradores lo recomiendan,Tarjeta de Crédito
5,Computadora Cpu 2tb 4gb Led 20 Mesa Vr Box Ip2810 I3/i5/i7,Computadoras y Servidores,439.0,Nuevo  -  163 vendidos,"Quito, Pichincha ( Quito )",2 Años,97% de compradores lo recomiendan,Tarjeta de Crédito
6,Computador Cpu Gamer Intel Core I7 7ma Gen 2tb 8gb Gtx1050ti,Computadoras y Servidores,1.149,Nuevo  -  19 vendidos,"Quito, Pichincha ( Quito )",2 Años,94% de compradores lo recomiendan,Tarjeta de Crédito
7,Server Hp Proliant Ml110 G9 V4 Intel Xeon 6 Core 8gb 4tb Dvd,Computadoras y Servidores,1.839,Nuevo  -  13 vendidos,"Quito, Pichincha ( Quito )",12 Años,99% de compradores lo recomiendan,vacio
8,Computadora Cpu Intel Core I5 3.0 7ma 2tb 8gb Gtx1050 2gb I7,Computadoras y Servidores,825.0,Nuevo  -  15 vendidos,"Quito, Pichincha ( Quito )",2 Años,97% de compradores lo recomiendan,Tarjeta de Crédito
9,Computador All In One Hp 20-c205la Celeron 4gb 1tb W10,Computadoras y Servidores,520.0,Nuevo  -  15 vendidos,"Quito, Pichincha ( Quito )",1 Año,97% de compradores lo recomiendan,Tarjeta de Crédito
10,Regulador De Voltaje Altek 1600w 8 Tomas New Precio Inc Iva,Computadoras y Servidores,10.0,Nuevo  -  151 vendidos,"Quito, Pichincha ( Quito )",3 Años,vacio,Efectivo
11,"Computador Cpu Dual Core 3,3 Ghz G4400 D.320 M 2gb I3 ,i5,i7",Computadoras y Servidores,219.0,Nuevo  -  100 vendidos,"Quito, Pichincha ( Quito )",4 Años,98% de compradores lo recomiendan,Tarjeta de Crédito
12,Cpu Core I5 7400 3.0 7ta G 2000 Gb - 4 Gb Ram Dvd Writer,Computadoras y Servidores,400.0,Nuevo  -  17 vendidos,"Quito, Pichincha ( Quito )",4 Años,95% de compradores lo recomiendan,Efectivo
13,Cpu Intel Core I3-8100-3.6 8th Gen 2000gb 4gb Nuevo,Computadoras y Servidores,355.0,Nuevo  -  36 vendidos,"Quito, Pichincha ( Quito )",4 Años,95% de compradores lo recomiendan,Tarjeta de Crédito
14,Cyber 5 Compu Core I5 Instala Trasla Gratis Todo El País,Computadoras y Servidores,1.788,Usado  -  13 vendidos,"Santo Domingo, Santo Domingo de los Tsáchilas",4 Años,99% de compradores lo recomiendan,Tarjeta de Crédito
15,Kit 10 Computadoras Completas,Computadoras y Servidores,2.38,Usado  -  1 vendido,"Santo Domingo, Santo Domingo de los Tsáchilas",2 Años,97% de compradores lo recomiendan,Tarjeta de Crédito
16,"Computador Cpu Dual Core 3.3 2tb 4gb Memor 7ma Gen, I3/i5/i7",Computadoras y Servidores,269.0,Nuevo  -  162 vendidos,"Quito, Pichincha ( Quito )",2 Años,97% de compradores lo recomiendan,Tarjeta de Crédito
17,Computador Cpu Intel Core I3 3.9 7ma 2tb 4gb Led20 Dvd I5/i7,Computadoras y Servidores,439.0,Nuevo  -  48 vendidos,"Quito, Pichincha ( Quito )",2 Años,97% de compradores lo recomiendan,Tarjeta de Crédito
18,Computador Todo En 1 Hp G209la 24 I5 1tb 4 Gb Ram Blanco,Computadoras y Servidores,929.0,Nuevo,"Quito, Pichincha ( Quito )",1 Año,97% de compradores lo recomiendan,Efectivo
19,"Computadora Cpu Completo Intel Dual Core 2tb 4gb, I3/i5/i7",Computadoras y Servidores,499.0,Nuevo  -  31 vendidos,"Quito, Pichincha ( Quito )",2 Años,97% de compradores lo recomiendan,Tarjeta de Crédito
20,"Computadora Cpu Intel Core I3 3.9ghz 4gb,2tb ,20 Led Nuevas",Computadoras y Servidores,408.0,Nuevo  -  102 vendidos,"Quito, Pichincha ( Quito )",8 Años,98% de compradores lo recomiendan,Efectivo
21,Computador Cpu Intel Core I7 3.6 7ma Gen 2tb 4gb Led 20 Dvd,Computadoras y Servidores,697.0,Nuevo  -  2 vendidos,"Quito, Pichincha ( Quito )",2 Años,94% de compradores lo recomiendan,Tarjeta de Crédito
22,"Computadora Cpu Completo Intel Dual Core 2tb 4gb, I3/i5/i7",Computadoras y Servidores,499.0,Nuevo  -  2 vendidos,"Quito, Pichincha ( Quito )",2 Años,94% de compradores lo recomiendan,Tarjeta de Crédito
23,"Cyber 5 Computadoras Core I3 (con Accesorios, Instalación)",Computadoras y Servidores,1.67,Usado  -  2 vendidos,"Santo Domingo, Santo Domingo de los Tsáchilas",2 Años,97% de compradores lo recomiendan,Tarjeta de Crédito
24,Cyber Kitts 5 Equipos Core I5 Instalacion Gratis,Computadoras y Servidores,1.778,Usado  -  1 vendido,"Santo Domingo, Santo Domingo de los Tsáchilas",1 Año,vacio,Tarjeta de Crédito
25,"Computadora Intel Core I3 3.9 7ma 2tb 4gb Led 20 Cpu, I5/i7",Computadoras y Servidores,419.0,Nuevo  -  3 vendidos,"Quito, Pichincha ( Quito )",2 Años,94% de compradores lo recomiendan,Tarjeta de Crédito
26,Dell 3467 Core I3 4gb 1tb Dvdw Septima Generacion W10 Nuevas,Computadoras y Servidores,449.0,Nuevo  -  7 vendidos,"Quito, Pichincha ( Quito )",2 Años,vacio,Tarjeta de Crédito
27,Super Cpu Intel Core I3 Octava Gen 3.6 Ghz 4gb 500gb Nuevos,Computadoras y Servidores,319.0,Nuevo  -  15 vendidos,"Quito, Pichincha ( Quito )",2 Años,vacio,Tarjeta de Crédito
28,Computador Cpu I7 7700 3.6 Led 20 2 Tera 4gb Dvd Garantia,Computadoras y Servidores,645.0,Nuevo  -  278 vendidos,"Quito, Pichincha ( Quito )",4 Años,95% de compradores lo recomiendan,Efectivo
29,"Computador Escritorio 7ta Generacióni3,i5,i7 Cotice El Suyo",Computadoras y Servidores,490.0,Nuevo  -  54 vendidos,"Quito, Pichincha ( Quito )",13 Años,98% de compradores lo recomiendan,Efectivo
30,Monitor 17 Hd Led / Nuevo En Caja,Computadoras y Servidores,69.0,Nuevo  -  59 vendidos,"Quito, Pichincha ( Quito )",3 Años,97% de compradores lo recomiendan,vacio
31,Servidor Hp Proliant Ml110 Gen10 16gb 4tb Server Intel Xeon,Computadoras y Servidores,1.587,Nuevo  -  15 vendidos,"Guayaquil, Guayas",4 Años,97% de compradores lo recomiendan,Efectivo
32,Computador Intel Core I7 8700 8va Gen D.d 1tb M 4gb Led 20,Computadoras y Servidores,759.0,Nuevo  -  86 vendidos,"Quito, Pichincha ( Quito )",4 Años,98% de compradores lo recomiendan,Tarjeta de Crédito
33,Pc Gamer I7 8700k Gtx1080 64gb 480gb Ssd Led 23 1tb Cpu I9,Computadoras y Servidores,3.875,Nuevo  -  34 vendidos,"Guayaquil, Guayas",4 Años,97% de compradores lo recomiendan,Tarjeta de Crédito
34,Promocion Computadora De Escritorio +impresora + Escritorio,Computadoras y Servidores,439.0,Nuevo  -  68 vendidos,"Quito, Pichincha ( Quito )",13 Años,98% de compradores lo recomiendan,Efectivo
35,"Pc Hp Compaq Dc 5750 + Monitor 17 +teclado,mouse",Computadoras y Servidores,145.0,Usado  -  48 vendidos,"Quito, Pichincha ( Quito )",5 Años,95% de compradores lo recomiendan,vacio
36,Pc Computadora Gamer Intel G4560 8gb Video Gt1030 Monitor 20,Computadoras y Servidores,695.0,Nuevo  -  37 vendidos,"Guayaquil, Guayas",4 Años,97% de compradores lo recomiendan,Tarjeta de Crédito
37,Primera Pc Gamer 8gb Ram Dual Cpu Video 2gb Juegos Computado,Computadoras y Servidores,499.0,Nuevo  -  32 vendidos,"Guayaquil, Guayas",4 Años,97% de compradores lo recomiendan,Tarjeta de Crédito
38,Cpu I7-7700-16gb Ram / 2 Teras / Mb Asus Gigaby / 4gb Video,Computadoras y Servidores,850.0,Nuevo  -  83 vendidos,"Quito, Pichincha ( Quito )",4 Años,95% de compradores lo recomiendan,Efectivo
39,Computador Cpu Intel Core I5 D.500gb 8gb Ram Tarj V 2gb,Computadoras y Servidores,346.0,Nuevo  -  24 vendidos,"Quito, Pichincha ( Quito )",1 Año,98% de compradores lo recomiendan,Efectivo
40,Laptop I7 Dell Alienware 17 R4 Gamer Gtx1080 1.3tb 32gb Gami,Computadoras y Servidores,3.75,Nuevo  -  16 vendidos,"Guayaquil, Guayas",4 Años,100% de compradores lo recomiendan,Tarjeta de Crédito
41,Led 20 Pc Gamer Ryzen 5 8gb Gtx 1050ti Computadora I 5 7,Computadoras y Servidores,997.0,Nuevo  -  23 vendidos,"Guayaquil, Guayas",4 Años,97% de compradores lo recomiendan,Tarjeta de Crédito
42,"Combo Case Altek Case, Teclado,mouse,parlantes,fuente !!new!",Computadoras y Servidores,34.0,Nuevo  -  67 vendidos,"Quito, Pichincha ( Quito )",8 Años,98% de compradores lo recomiendan,Efectivo
43,Cpu Intel Core I3 7100 3.9 7ta Gene. 320gb 4gb Nuevo Garanti,Computadoras y Servidores,309.0,Nuevo  -  59 vendidos,"Quito, Pichincha ( Quito )",4 Años,95% de compradores lo recomiendan,Efectivo
44,Hp Intel Dual Core+500gb+4gb+15.6pl+win10+eddd,Computadoras y Servidores,319.0,Nuevo  -  17 vendidos,"Quito, Pichincha ( Quito )",3 Años,98% de compradores lo recomiendan,Tarjeta de Crédito
45,"Computador Intel Core I3 Dd 500gb M 4gb Led 20, I5 ,i7 Ofer",Computadoras y Servidores,379.0,Nuevo  -  40 vendidos,"Quito, Pichincha ( Quito )",4 Años,98% de compradores lo recomiendan,vacio
46,Pc Intel Dual Core 4gb 500gb Hdmi Computador Cpu Nueva I 3 5,Computadoras y Servidores,234.0,Nuevo  -  46 vendidos,"Guayaquil, Guayas",4 Años,97% de compradores lo recomiendan,Efectivo
47,All In One Hp 500 Disco - 4gb Ram - 20 Pulgadas - Win 10,Computadoras y Servidores,449.0,Nuevo  -  15 vendidos,"Quito, Pichincha ( Quito )",10 Años,97% de compradores lo recomiendan,Tarjeta de Crédito
48,Mini Pc Intel Monitor Dual Core 4gb 500gb Wifi Brix Hdmi Nuc,Computadoras y Servidores,449.0,Nuevo  -  5 vendidos,"Guayaquil, Guayas",4 Años,97% de compradores lo recomiendan,Tarjeta de Crédito
49,Computador Nuevo Completo Para Cyber Oficina Hogar,Computadoras y Servidores,250.0,Nuevo  -  41 vendidos,"Quito, Pichincha ( Quito )",5 Años,96% de compradores lo recomiendan,Tarjeta de Crédito
50,"Pc Gamer Core I5 7400, 8gb, Video Gt 1030 Computador I3 I7",Computadoras y Servidores,725.0,Nuevo  -  4 vendidos,"Guayaquil, Guayas",4 Años,97% de compradores lo recomiendan,Tarjeta de Crédito
51,Cpu Core I5 4gb Ram Disco 500gb Karaoke/series/peliculas,Computadoras y Servidores,265.0,Nuevo  -  1 vendido,"Quito, Pichincha ( Quito )",1 Año,vacio,Tarjeta de Crédito
52,"Osciloscopio De Mano, Multimetro, Cinco En Uno Marca Hantek",Computadoras y Servidores,660.0,Nuevo,"Quito, Pichincha ( Quito )",3 Años,100% de compradores lo recomiendan,Tarjeta de Crédito
53,"Computador Cpu Intel Core I5 D500gb 8gb Ram Tarj V2gb, I7",Computadoras y Servidores,347.0,Nuevo  -  1 vendido,"Quito, Pichincha ( Quito )",vacio,vacio,Efectivo
54,"Cpu Intel Core 2 Quad De 2.83ghz ,12mb Cache",Computadoras y Servidores,170.0,Usado  -  2 vendidos,"Quito, Pichincha ( Quito )",5 Años,95% de compradores lo recomiendan,Tarjeta de Crédito
55,"Computador Cpu Intel Core I3 Disco 500gb M 4gb, I5 ,i7",Computadoras y Servidores,239.0,Nuevo  -  3 vendidos,"Quito, Pichincha ( Quito )",vacio,vacio,Efectivo
56,Centro De Computo Con Equipos Virtualizacion,Computadoras y Servidores,188.0,Nuevo  -  2 vendidos,"Quito, Pichincha ( Quito )",3 Años,vacio,Tarjeta de Crédito
57,Cpu Intel Core I3 7100 3.9 2000gb 4gb Dvd Writer,Computadoras y Servidores,325.0,Nuevo  -  1 vendido,"Quito, Pichincha ( Quito )",4 Años,95% de compradores lo recomiendan,Tarjeta de Crédito
58,Caja De Paso Beaucoup Rapid Lock Metalico I-0223 Ip-20 Cctv,Computadoras y Servidores,15.0,Nuevo  -  4 vendidos,"Quito, Pichincha ( Quito )",1 Año,99% de compradores lo recomiendan,Efectivo
59,"Pc De Escritorio Intel I3, 7ma Gen+4gb+500+monitor 19 Nueva",Computadoras y Servidores,399.0,Nuevo  -  148 vendidos,"Quito, Pichincha ( Quito )",3 Años,96% de compradores lo recomiendan,Efectivo
60,"Asus Vivobook Intel Core I5, 8gb Ram, 1tb Hdd, Usb-c Liviana",Computadoras y Servidores,850.0,Nuevo  -  1 vendido,"Quito, Pichincha ( Quito )",14 Años,100% de compradores lo recomiendan,Efectivo
61,Control Remoto Proyectores Epson Nec,Computadoras y Servidores,45.0,Usado,"Quito, Pichincha ( Quito )",4 Años,100% de compradores lo recomiendan,Efectivo
62,Intel Nuc Procesador Dual Core Intel® I5 7ma Generació,Computadoras y Servidores,518.0,Nuevo,"Quito, Pichincha ( Quito )",11 Años,99% de compradores lo recomiendan,Tarjeta de Crédito
63,"Server Servidor Dell T130 Intel Xeon 16gb | 2 Discos 2tb, Hp",Computadoras y Servidores,1.645,Nuevo,"Guayaquil, Guayas",4 Años,97% de compradores lo recomiendan,Tarjeta de Crédito
64,Gateway Grandstream Gxw4108 8 Puertos,Computadoras y Servidores,150.0,Usado,"Guayaquil, Guayas",vacio,vacio,Efectivo
65,"Disco Duro Para Servidor Hp N° De Parte 658102 , Garantía",Computadoras y Servidores,200.0,Nuevo,"Guayaquil, Guayas",5 Años,vacio,Efectivo
66,"Bateria Seca De 12v 9a, Recargable",Computadoras y Servidores,1.0,Nuevo,"Guayaquil, Guayas",1 Año,vacio,Efectivo
67,Hp Laptop 15 Plg I3,Computadoras y Servidores,485.0,Nuevo,"Quito, Pichincha ( Quito )",8 Años,vacio,vacio
68,Servidor Intel Xeon 16gb 2tb Lenovo Ts150 Server Hp Dell,Computadoras y Servidores,1.3869999999999998,Nuevo,"Guayaquil, Guayas",4 Años,97% de compradores lo recomiendan,Tarjeta de Crédito
69,Servidor Hp Proliant Ml30 Gen9 Intel Xeon 1tb Server Pc I7,Computadoras y Servidores,1.157,Nuevo  -  5 vendidos,"Guayaquil, Guayas",4 Años,97% de compradores lo recomiendan,Tarjeta de Crédito
70,Toshiba Core I7 3ra Generación Con Video Dedicado,Computadoras y Servidores,500.0,Usado,"Quito, Pichincha ( Quito )",7 Años,vacio,Efectivo
71,Cpu Corei3 4ta 4gb Ram 500 Disco Nuevo,Computadoras y Servidores,290.0,Nuevo,"Quito, Pichincha ( Quito )",1 Año,100% de compradores lo recomiendan,Efectivo
72,Servidor Rack Cisco Ucs C240 M4 2x Cpu Xeon Ram 16gb Hhd 2tb,Computadoras y Servidores,5.0,Nuevo,"Quito, Pichincha ( Quito )",10 Años,99% de compradores lo recomiendan,Tarjeta de Crédito
73,Laptop Ultrabook Vizio I5 15.6 4gb Ram 128gb Ssd,Computadoras y Servidores,450.0,Usado,"Guayaquil, Guayas",9 Años,vacio,Efectivo
74,Rack De Piso Beaucoup 42ur Cerrado (i-1260) 1920m*600*800 Mm,Computadoras y Servidores,694.0,Nuevo  -  3 vendidos,"Quito, Pichincha ( Quito )",1 Año,99% de compradores lo recomiendan,Efectivo
75,Computadora Para Renault Logan Sandero,Computadoras y Servidores,340.0,Usado  -  3 vendidos,"Quito, Pichincha ( Quito )",8 Años,vacio,Tarjeta de Crédito
76,All In One Hp 22-b013+1tb Disco+ 4gb Ram+ 22 Pulg+ Dvdwr+w10,Computadoras y Servidores,549.0,Nuevo  -  2 vendidos,"Guayaquil, Guayas",3 Años,94% de compradores lo recomiendan,Tarjeta de Crédito
77,Case Gamer Kevlar Ftx 17 I3 I5 I7 Incluye Iva,Computadoras y Servidores,167.0,Nuevo  -  4 vendidos,"Guayaquil, Guayas",4 Años,97% de compradores lo recomiendan,Tarjeta de Crédito
78,"Dell R210 Ii, Servidor Rack 1u",Computadoras y Servidores,599.0,Usado  -  2 vendidos,"Quito, Pichincha ( Quito )",4 Años,vacio,Tarjeta de Crédito
79,Computador Intel G4400 3.3 7ma G.1tera 4gb Ram Led 20 Dvd Wr,Computadoras y Servidores,385.0,Nuevo  -  2 vendidos,"Quito, Pichincha ( Quito )",4 Años,95% de compradores lo recomiendan,Efectivo
80,Servidor Rack Cisco Ucs C220 M4 2x Cpu Xeon Ram 32gb Hhd 2tb,Computadoras y Servidores,5.5,Nuevo,"Quito, Pichincha ( Quito )",10 Años,99% de compradores lo recomiendan,Tarjeta de Crédito
81,"Laptop , Portatiles Hp Nuevas No Remanufactura Desde:",Computadoras y Servidores,367.0,Nuevo  -  5 vendidos,"Guayaquil, Guayas",2 Años,vacio,vacio
82,Computador Cpu Intel Core I5 6400 Mbo Asus B150 16gb 1tb Dvd,Computadoras y Servidores,649.0,Nuevo  -  1 vendido,"Quito, Pichincha ( Quito )",11 Años,vacio,Efectivo
83,Computadoras Economicas Nuevas Desde $299,Computadoras y Servidores,299.0,Nuevo  -  3 vendidos,"Quito, Pichincha ( Quito )",6 Meses,vacio,Efectivo
84,Mini Pc Compute Stick Windows®10 + Intel Quadcore + 2gb + 32,Computadoras y Servidores,130.0,Nuevo  -  3 vendidos,"Quito, Pichincha ( Quito )",8 Años,vacio,Efectivo
85,Oferta Computadoras Estudiantil Casa-oficina,Computadoras y Servidores,249.0,Usado  -  2 vendidos,"Ambato, Tungurahua",3 Años,vacio,Efectivo
86,Combo Cpu`s Para Cyber,Computadoras y Servidores,960.0,Usado  -  1 vendido,"Quito, Pichincha ( Quito )",7 Años,vacio,Efectivo
87,"Hp All In One Quad Core A6 Core I5, 1tb, 4gb, 22 Pulg Ips, B",Computadoras y Servidores,575.0,Nuevo  -  1 vendido,"Guayaquil, Guayas",3 Años,94% de compradores lo recomiendan,Tarjeta de Crédito
88,Linterna Lampara Foco Luz Led Usb Flexible Laptop Computador,Computadoras y Servidores,3.0,Nuevo  -  3 vendidos,"Quito, Pichincha ( Quito )",3 Años,99% de compradores lo recomiendan,Tarjeta de Crédito
89,Computadora Hp All In One,Computadoras y Servidores,680.0,Nuevo  -  1 vendido,"Quito, Pichincha ( Quito )",1 Año,vacio,Efectivo
90,Gamer Pc Cpu Intel Core I5 Octava Nvidia Gtx 1050ti 4g +16gb,Computadoras y Servidores,939.0,Nuevo  -  1 vendido,"Quito, Pichincha ( Quito )",3 Años,vacio,Tarjeta de Crédito
91,"Portatil Hp Cel ,i3, I5 ,i7 ,nuevas No Remanufactura Desde:",Computadoras y Servidores,367.0,Nuevo  -  13 vendidos,"Guayaquil, Guayas",3 Años,vacio,vacio
92,Computadora Corei5 8vagen 4gbram 1tbdisco Oferta Xclases2018,Computadoras y Servidores,699.0,Nuevo  -  1 vendido,"Quito, Pichincha ( Quito )",4 Años,vacio,Efectivo
93,"Computador Amd,monitor 19 ,disco 250gb,ram 2gb,mesa,impresor",Computadoras y Servidores,450.0,Usado  -  3 vendidos,"Guayaquil, Guayas",6 Años,95% de compradores lo recomiendan,Efectivo
94,Computador Dell Intel Core 2 Duo + 2gb + 160gb + Lcd 17,Computadoras y Servidores,159.0,Usado,"Quito, Pichincha ( Quito )",16 Años,vacio,Tarjeta de Crédito
95,Computador Cpu Intel Core I5 Disco 500gb Memoria 4gb 1 Año G,Computadoras y Servidores,285.0,Nuevo,"Rumiñahui, Pichincha ( Quito )",2 Años,vacio,Tarjeta de Crédito
96,Computadora Laptop,Computadoras y Servidores,39.0,Usado,"Guayaquil, Guayas",11 Años,vacio,vacio
97,Computadora De Escritorio Intel Dual Core G4400 Nueva,Computadoras y Servidores,460.0,Nuevo  -  4 vendidos,"Quito, Pichincha ( Quito )",10 Años,100% de compradores lo recomiendan,Tarjeta de Crédito
98,Cpu Dell 330 Sff Dual Core 2gb Ram + 80gb,Computadoras y Servidores,85.0,Usado  -  1 vendido,"Guayaquil, Guayas",10 Meses,vacio,Efectivo
99,Cpu Dell Core 2 Duo Con 2gb En Ram + 80gb En Disco Duro,Computadoras y Servidores,75.0,Usado  -  1 vendido,"Guayaquil, Guayas",10 Meses,vacio,Efectivo
0,Oster Licuadora 12 Velocidad + Procesador Alimentos 700 W,Electrodomésticos,58.0,Nuevo  -  106 vendidos,"Quito, Pichincha ( Quito )",11 Años,99% de compradores lo recomiendan,Tarjeta de Crédito
1,"Licuadora Samurai Optimix 500 W , Blanco / Negro",Electrodomésticos,27.0,Nuevo  -  25 vendidos,"Quito, Pichincha ( Quito )",4 Años,92% de compradores lo recomiendan,Tarjeta de Crédito
2,Nutribullet Pro 900 Watts 15 Piezas! Envío Gratis!!,Electrodomésticos,140.0,Nuevo  -  12 vendidos,"Quito, Pichincha ( Quito )",2 Años,vacio,Efectivo
3,"Licuadora Oster Xpert,2hp,granizados,procesador De Alimentos",Electrodomésticos,230.0,Nuevo  -  14 vendidos,"Quito, Pichincha ( Quito )",6 Años,vacio,Efectivo
4,Oster Vaso Licuadora Vidr + Base + Empaque + Cuchilla + Tapa,Electrodomésticos,14.0,Nuevo  -  24 vendidos,"Quito, Pichincha ( Quito )",12 Años,99% de compradores lo recomiendan,Tarjeta de Crédito
5,Hamilton Beach Licuadora 950w 3 Velocidades Cápsula Antiruid,Electrodomésticos,98.0,Nuevo  -  15 vendidos,"Quito, Pichincha ( Quito )",11 Años,99% de compradores lo recomiendan,Tarjeta de Crédito
6,Waffle De Pez Para Helado Taiyaki,Electrodomésticos,830.0,Usado  -  9 vendidos,"Quito, Pichincha ( Quito )",3 Años,vacio,vacio
7,Licuadora Magic 600w Potente Importada Con Garantia,Electrodomésticos,49.0,Nuevo  -  38 vendidos,"Guayaquil, Guayas",4 Años,97% de compradores lo recomiendan,Tarjeta de Crédito
8,Vaso De Licuadora Oster Vídrio + Tapa + Base + Cuchilla,Electrodomésticos,14.0,Nuevo  -  45 vendidos,"Quito, Pichincha ( Quito )",11 Años,99% de compradores lo recomiendan,Tarjeta de Crédito
9,Licuadora Hamilton Beach 53600 Silenciosa 950 Wats 1.5litros,Electrodomésticos,86.0,Nuevo,"Quito, Pichincha ( Quito )",1 Año,97% de compradores lo recomiendan,Tarjeta de Crédito
10,Licuadora Oster Clasica,Electrodomésticos,62.0,vacio,"Quito, Pichincha ( Quito )",vacio,vacio,Efectivo
11,Licuadora Hamilton Silenciosa Bar Restaurante 950 Watts,Electrodomésticos,95.0,Nuevo,"Quito, Pichincha ( Quito )",2 Años,96% de compradores lo recomiendan,Tarjeta de Crédito
12,Licuadora Motor Reversible Oster,Electrodomésticos,89.0,Nuevo,"Quito, Pichincha ( Quito )",10 Meses,96% de compradores lo recomiendan,Efectivo
13,Licuadora Oster Clásica 3 Velocidades,Electrodomésticos,73.0,Nuevo  -  1 vendido,"Rumiñahui, Pichincha ( Quito )",8 Años,100% de compradores lo recomiendan,Tarjeta de Crédito
14,Licuadora Clásica Oster Original,Electrodomésticos,74.0,Nuevo,"Quito, Pichincha ( Quito )",2 Años,96% de compradores lo recomiendan,Tarjeta de Crédito
15,Licuadora Con Procesador 60 Onzas Hamilton Beach 58149,Electrodomésticos,74.0,Nuevo  -  12 vendidos,"Quito, Pichincha ( Quito )",8 Años,96% de compradores lo recomiendan,Tarjeta de Crédito
16,Licuadora Oster Delighter Negra 450w Blstdg-b00-013,Electrodomésticos,98.0,Nuevo  -  3 vendidos,"Guayaquil, Guayas",8 Años,99% de compradores lo recomiendan,Tarjeta de Crédito
17,Licuadora Con Dispensador De Bebidas Hamilton Beach 54615,Electrodomésticos,35.0,Nuevo  -  3 vendidos,"Cuenca, Azuay",14 Años,95% de compradores lo recomiendan,Tarjeta de Crédito
18,Licuadora Fusion Xcelerator 1000 Watt 14 Piezas Fitness Guia,Electrodomésticos,110.0,Nuevo  -  1 vendido,"Quito, Pichincha ( Quito )",7 Años,97% de compradores lo recomiendan,Tarjeta de Crédito
19,Licuadora Oster Reversible Negra,Electrodomésticos,80.0,Nuevo  -  17 vendidos,"Quito, Pichincha ( Quito )",1 Año,vacio,vacio
20,Licuadora Procesador Alimentos Oster Brly07 600w Reversible,Electrodomésticos,109.0,Nuevo  -  2 vendidos,"Quito, Pichincha ( Quito )",1 Año,100% de compradores lo recomiendan,Efectivo
21,Licuadora Black & Decker Bl10451g 10 Velocidades /@tepuyuio,Electrodomésticos,35.0,Nuevo  -  2 vendidos,"QUITO, Pichincha ( Quito )",3 Años,94% de compradores lo recomiendan,Efectivo
22,Licuadora Electrolux 8 Velocidades,Electrodomésticos,64.0,Nuevo  -  2 vendidos,"Quito, Pichincha ( Quito )",6 Meses,vacio,Efectivo
23,Licuadora Con Procesador 2 En 1 60 Onzas Hamilton Beach Nuev,Electrodomésticos,65.0,Nuevo  -  2 vendidos,"Quito, Pichincha ( Quito )",3 Años,vacio,Efectivo
24,"Licuadora Tradicional Oster,potente Motor , 3 Velocidades",Electrodomésticos,75.0,Nuevo  -  2 vendidos,"Quito, Pichincha ( Quito )",6 Años,vacio,Efectivo
25,Licuadora Oster 7890r Reversible Roja,Electrodomésticos,79.0,Nuevo  -  1 vendido,"Quito, Pichincha ( Quito )",5 Años,vacio,Efectivo
26,Cuchillas Y Empaque De Goma Oster Para Licuadora Oster,Electrodomésticos,5.0,Nuevo  -  17 vendidos,"Quito, Pichincha ( Quito )",2 Años,100% de compradores lo recomiendan,Efectivo
27,Licuadora Oster Xpert Series,Electrodomésticos,185.0,Nuevo  -  43 vendidos,"Quito, Pichincha ( Quito )",1 Año,vacio,Efectivo
28,Oster Repuesto Cuchillas Para Picatodo Modelo 6004,Electrodomésticos,6.0,Nuevo  -  1 vendido,"Quito, Pichincha ( Quito )",7 Años,99% de compradores lo recomiendan,Tarjeta de Crédito
29,Licuadora Umco,Electrodomésticos,40.0,Nuevo,"Quito, Pichincha ( Quito )",vacio,vacio,vacio
30,Licuadora Batidora Portatil Doble Vaso Shake N Take 3 2016,Electrodomésticos,14.0,Nuevo  -  28 vendidos,"Guayaquil, Guayas",3 Años,91% de compradores lo recomiendan,vacio
31,Exprimidor De Citricos Black & Decker Cj625 30 Watts,Electrodomésticos,24.0,Nuevo  -  1 vendido,"Guayaquil, Guayas",8 Años,99% de compradores lo recomiendan,vacio
32,Licuadora Oster Industrial Entregas Gratis 57616,Electrodomésticos,115.0,Nuevo  -  1 vendido,"Guayaquil, Guayas",vacio,vacio,Efectivo
33,Cafetera Hamilton Beach 40 Tazas 40540,Electrodomésticos,60.0,Nuevo  -  1 vendido,"Quito, Pichincha ( Quito )",7 Años,99% de compradores lo recomiendan,Tarjeta de Crédito
34,Licuadora Profesional 2 Vasos De 2 Litros 1200w Universal,Electrodomésticos,250.0,Nuevo  -  2 vendidos,"Quito, Pichincha ( Quito )",vacio,vacio,Efectivo
35,Parrilla Eléctrica 1200w Black&decker Ig201 Grill,Electrodomésticos,65.0,Nuevo  -  1 vendido,"Quito, Pichincha ( Quito )",7 Años,99% de compradores lo recomiendan,Tarjeta de Crédito
36,Licuadora Batidora Portatil Doble Vaso Shake N Take 3 2018,Electrodomésticos,14.0,Nuevo  -  1 vendido,"Quito, Pichincha ( Quito )",5 Meses,vacio,Tarjeta de Crédito
37,"Licuadora Oster Vaso Vidrio, Cromado Elegante Potente",Electrodomésticos,69.0,Nuevo  -  2 vendidos,"Quito, Pichincha ( Quito )",2 Años,vacio,Efectivo
38,Licuadora Oster 3 Velocidades Original Nuevos,Electrodomésticos,65.0,Nuevo  -  19 vendidos,"Quito, Pichincha ( Quito )",3 Años,vacio,vacio
39,"Licuadora Hamilton Beach 10 Velocidades, Negra",Electrodomésticos,44.0,Nuevo  -  11 vendidos,"Quito, Pichincha ( Quito )",7 Años,91% de compradores lo recomiendan,Tarjeta de Crédito
40,Licuadoras Original Mexicana Oster 4655 Nueva Con Garantia,Electrodomésticos,66.0,Nuevo  -  1 vendido,"Quito, Pichincha ( Quito )",5 Años,vacio,Tarjeta de Crédito
41,Licuadora Reversible Oster Brly07-z00-013,Electrodomésticos,120.0,Nuevo  -  1 vendido,"Quito, Pichincha ( Quito )",4 Años,92% de compradores lo recomiendan,Tarjeta de Crédito
42,Oster Cuchilla Para Licuadora - Con Anillo De Goma,Electrodomésticos,4.0,Nuevo  -  3 vendidos,"Guayaquil, Guayas",8 Años,99% de compradores lo recomiendan,Tarjeta de Crédito
43,Licuadora Pica Todo Extractor De Jugos,Electrodomésticos,60.0,Nuevo,"Quito, Pichincha ( Quito )",4 Años,vacio,vacio
44,Licuadora Perilla Oster Best02-e00-013,Electrodomésticos,126.0,Nuevo,"Quito, Pichincha ( Quito )",4 Años,92% de compradores lo recomiendan,Tarjeta de Crédito
45,Total Maker 4 En 1 Extractor Mas Licuadora Jugoterapia,Electrodomésticos,139.0,Nuevo,"Quito, Pichincha ( Quito )",9 Meses,vacio,Tarjeta de Crédito
46,Licuadora Sonic Garantizada Incluye Multiprocesador,Electrodomésticos,19.0,Nuevo,"Quito, Pichincha ( Quito )",6 Meses,vacio,Efectivo
47,Licuadora Oster Xpert Pro,Electrodomésticos,250.0,Nuevo,"Quito, Pichincha ( Quito )",1 Año,vacio,vacio
48,Licuadora Batidora Portatil Shake N Take 3 Doble Vaso V.2018,Electrodomésticos,14.0,Nuevo,"Guayaquil, Guayas",7 Años,93% de compradores lo recomiendan,vacio
49,Black & Decker Licuadora Velocidades Blbd10gss,Electrodomésticos,73.0,Nuevo,"Quito, Pichincha ( Quito )",4 Años,92% de compradores lo recomiendan,Tarjeta de Crédito
50,Fitmix Licuadora /trituradora Normal $169 Oferta $129,Electrodomésticos,129.0,Nuevo  -  2 vendidos,"Ibarra, Imbabura",11 Años,vacio,vacio
51,Licuadora Black Decker 650 Watt Blender,Electrodomésticos,49.0,Nuevo,"Ibarra, Imbabura",5 Años,vacio,vacio
52,Licuadora Mejor Que La Marca Oster Con Garantía,Electrodomésticos,45.0,Nuevo,Esmeraldas,7 Meses,vacio,vacio
53,Licuadora Echef Qfb 15501,Electrodomésticos,42.0,Nuevo,"Quito, Pichincha ( Quito )",7 Años,99% de compradores lo recomiendan,Tarjeta de Crédito
54,Licuadora Sankey 4 Velocidades Jarra Vidrio 1.25 Litros,Electrodomésticos,38.0,Nuevo,"Quito, Pichincha ( Quito )",1 Año,vacio,Tarjeta de Crédito
55,Licuadora 15 Lts Baja Rotacion Basculante Impoexito,Electrodomésticos,901.0,Nuevo,"Ambato, Tungurahua",2 Años,vacio,vacio
56,"Licuadora Oster Blsteg7805l-013 , 12 Velocidades Nueva",Electrodomésticos,90.0,Nuevo,"Quito, Pichincha ( Quito )",4 Años,92% de compradores lo recomiendan,Tarjeta de Crédito
57,Licuadora Led Rojo 110vac,Electrodomésticos,36.0,Nuevo  -  3 vendidos,"Ambato, Tungurahua",3 Años,vacio,Tarjeta de Crédito
58,Licuadora Oster 3 Velocidades Moderna,Electrodomésticos,74.0,Nuevo,"Quito, Pichincha ( Quito )",1 Año,vacio,Tarjeta de Crédito
59,Licuadora Oster Bpsto2 Prof Inc Iva,Electrodomésticos,99.0,Nuevo,"Quito, Pichincha ( Quito )",11 Meses,vacio,Efectivo
60,Promocioneslafamilia Licuadoras Vaso De Vidrio Originales,Electrodomésticos,59.0,Nuevo  -  1 vendido,"Quito, Pichincha ( Quito )",12 Años,vacio,Efectivo
61,Licuadora Silver Con Motor Reversible 600w Oster -brly07-s00,Electrodomésticos,132.0,Nuevo,"Quito, Pichincha ( Quito )",4 Años,92% de compradores lo recomiendan,Tarjeta de Crédito
62,Licuadoras Frigidaire Proffesional 600 Watts. Nuevas,Electrodomésticos,85.0,Nuevo,"Guayaquil, Guayas",2 Años,vacio,vacio
63,Licuadora Boton Oster 6805,Electrodomésticos,92.0,Nuevo,"Quito, Pichincha ( Quito )",4 Años,92% de compradores lo recomiendan,Tarjeta de Crédito
64,Licuadora Hamilton Beach Commercial Hbb908,Electrodomésticos,210.0,Nuevo,"Quito, Pichincha ( Quito )",12 Años,vacio,Efectivo
65,Licuadoras Frigidaire. Nuevas 600 Watts 110 Voltios,Electrodomésticos,85.0,Nuevo,"Guayaquil, Guayas",2 Años,vacio,vacio
66,Licuadora Kitchenaid - Como Nueva,Electrodomésticos,230.0,Usado,"Quito, Pichincha ( Quito )",2 Años,vacio,Efectivo
67,Licuadora Hamilton Beach Con 14 Funciones 54220,Electrodomésticos,47.0,Nuevo,"Manta, Manabí",1 Año,vacio,Tarjeta de Crédito
68,Licuadora Vaso De Vidrio Oster Mod. Blstmg-rd0 Inc. Iva,Electrodomésticos,56.0,Nuevo,"Quito, Pichincha ( Quito )",2 Años,95% de compradores lo recomiendan,Tarjeta de Crédito
69,Licuadora Oster Brly07-z003,Electrodomésticos,104.0,Nuevo,"Quito, Pichincha ( Quito )",1 Año,100% de compradores lo recomiendan,Tarjeta de Crédito
70,Licuadora Profesional Oster Pica Tritura Licúa Original,Electrodomésticos,99.0,Nuevo  -  1 vendido,"Guayaquil, Guayas",11 Meses,vacio,vacio
71,Licuadora Samurai Nuevas,Electrodomésticos,55.0,Nuevo,vacio,4 Meses,vacio,vacio
72,Licuadora Oster 7890r Reversible Roja,Electrodomésticos,80.0,Nuevo,"Quito, Pichincha ( Quito )",5 Años,vacio,Efectivo
73,Licuadora Marca Oster,Electrodomésticos,75.0,Nuevo,"Durán, Guayas",11 Años,vacio,vacio
74,Licuadora Clásica De 3 Velocidades Oster !!nueva!!,Electrodomésticos,69.0,Nuevo,"Quito, Pichincha ( Quito )",5 Años,vacio,vacio
75,"Licuadora Tradicional Oster,600 Vtios , 3 Velocidades",Electrodomésticos,75.0,Nuevo,"Quito, Pichincha ( Quito )",6 Años,vacio,Efectivo
76,Vendo Vaporera Y Extractor De Jugo + Licuadora,Electrodomésticos,60.0,Usado,"Babahoyo, Los Ríos",vacio,vacio,Efectivo
77,Licuadora Hamilton Beach 10 Velocidades 50161n,Electrodomésticos,39.0,Nuevo,"Guayaquil, Guayas",8 Años,99% de compradores lo recomiendan,Tarjeta de Crédito
78,"Licuadora Oster Blsteg7805w-013, 12 Velocidades - Nueva",Electrodomésticos,90.0,Nuevo,"Quito, Pichincha ( Quito )",4 Años,92% de compradores lo recomiendan,Tarjeta de Crédito
79,Horno Microondas General Electric Jes70se Color Grafito,Electrodomésticos,90.0,Nuevo  -  1 vendido,"Guayaquil, Guayas",4 Años,vacio,Efectivo
80,Licuadora Oster Reversible 100% Original... No Copias!!!,Electrodomésticos,129.0,Nuevo  -  135 vendidos,"Guayaquil, Guayas",5 Años,99% de compradores lo recomiendan,Efectivo
81,Extractor De Jugos Frutas Enteras Westi Promocioneslafamilia,Electrodomésticos,135.0,Nuevo,"Quito, Pichincha ( Quito )",12 Años,vacio,Efectivo
82,Parrilla Sanduchera Prensa Panini Promocioneslafamilia,Electrodomésticos,130.0,Nuevo,"Quito, Pichincha ( Quito )",12 Años,vacio,Efectivo
83,Dispensador Para Mezón Color Silver Promocioneslafamilia,Electrodomésticos,96.0,Nuevo,"Quito, Pichincha ( Quito )",12 Años,vacio,Efectivo
84,Horno Tostador Promocioneslafamilia,Electrodomésticos,174.0,Nuevo,"Quito, Pichincha ( Quito )",12 Años,vacio,Efectivo
85,Aspiradora De 2.0 Litros Promocioneslafamilia,Electrodomésticos,120.0,Nuevo,"Quito, Pichincha ( Quito )",12 Años,vacio,Efectivo
86,Horno Microondas 20 Litros Promocioneslafamilia,Electrodomésticos,120.0,Nuevo,"Quito, Pichincha ( Quito )",12 Años,vacio,Efectivo
87,Horno Multifuncional Desayunador Negro Promocioneslafamilia,Electrodomésticos,160.0,Nuevo,"Quito, Pichincha ( Quito )",12 Años,vacio,Efectivo
88,Horno Tostador Rostizador 25 Litros Promocioneslafamilia,Electrodomésticos,120.0,Nuevo,"Quito, Pichincha ( Quito )",12 Años,vacio,Efectivo
89,Horno Multifuncional Desayunador Blanco Promocioneslafamilia,Electrodomésticos,170.0,Nuevo,"Quito, Pichincha ( Quito )",12 Años,vacio,Efectivo
90,Por Motivo De Viaje,Electrodomésticos,1.6,Nuevo,"Quito, Pichincha ( Quito )",vacio,vacio,vacio
91,Batidora De Inmersión Hamilton Beach Promocioneslafamilia,Electrodomésticos,95.0,Nuevo,"Quito, Pichincha ( Quito )",12 Años,vacio,Efectivo
92,Plancha A Vapor Express Promocioneslafamilia,Electrodomésticos,60.0,Nuevo,"Quito, Pichincha ( Quito )",12 Años,vacio,Efectivo
93,Calefactor Ventilador Aire Cali Y Frío Promocioneslafamilia,Electrodomésticos,29.0,Nuevo,"Quito, Pichincha ( Quito )",12 Años,vacio,Efectivo
94,Tostadoras 2 Panes Funciones Especiales Promocioneslafamilia,Electrodomésticos,75.0,Nuevo,"Quito, Pichincha ( Quito )",12 Años,vacio,Efectivo
95,Horno Tostador Portátil 14 Litros Promocioneslafamilia,Electrodomésticos,90.0,Nuevo,"Quito, Pichincha ( Quito )",12 Años,vacio,Efectivo
96,Vendo Artículos De Hogar,Electrodomésticos,1.0,Usado,"Quito, Pichincha ( Quito )",1 Año,vacio,vacio
97,Extractor De Jugos Frutas Enteras T Promocioneslafamilia,Electrodomésticos,105.0,Nuevo,"Quito, Pichincha ( Quito )",12 Años,vacio,Efectivo
98,Calefactor Ventilador Aire Cal Y Frío Promocioneslafamilia,Electrodomésticos,35.0,Nuevo,"Quito, Pichincha ( Quito )",12 Años,vacio,Efectivo
99,Extractor De Jugos Motor Potente Oster Promocioneslafamilia,Electrodomésticos,95.0,Nuevo,"Quito, Pichincha ( Quito )",12 Años,vacio,Efectivo
0,Impresora Canon Mg2522/e402/e401 Con Sistema De Tinta Mg2510,Impresoras y Accesorios,54.0,Nuevo  -  3206 vendidos,"Quito, Pichincha ( Quito )",2 Años,97% de compradores lo recomiendan,Tarjeta de Crédito
1,Impresora Epson Xp340 Wifi Tinta Continua Mejor L395,Impresoras y Accesorios,150.0,Nuevo  -  249 vendidos,"Quito, Pichincha ( Quito )",8 Años,99% de compradores lo recomiendan,vacio
2,Canon E402 Multifunción Sistema De Tinta Continua,Impresoras y Accesorios,70.0,Nuevo  -  282 vendidos,"Quito, Pichincha ( Quito )",5 Años,100% de compradores lo recomiendan,Efectivo
3,Impresora Epson Wf 2750 Sin Chip Tipo Original Et4550,Impresoras y Accesorios,190.0,Nuevo  -  157 vendidos,"Quito, Pichincha ( Quito )",8 Años,99% de compradores lo recomiendan,vacio
4,"Impresora Multifuncion Epson L4160 Duplex, Eco Tank",Impresoras y Accesorios,253.0,Nuevo  -  139 vendidos,"Quito, Pichincha ( Quito )",8 Años,98% de compradores lo recomiendan,Efectivo
5,"Canon Ts9020 Wifi Duplex Cd,dvd,pvc,fotos Tinta Continua",Impresoras y Accesorios,260.0,Nuevo  -  45 vendidos,"Quito, Pichincha ( Quito )",5 Años,100% de compradores lo recomiendan,Efectivo
6,"Plancha 60x40 Sublimadora De Jarros, Varios Gorras, Zapatos",Impresoras y Accesorios,500.0,Nuevo  -  86 vendidos,"Quito, Pichincha ( Quito )",8 Años,vacio,Tarjeta de Crédito
7,Epson L380 - L220 - L4150 Sistema Original Incluye Iva,Impresoras y Accesorios,183.0,Nuevo  -  52 vendidos,"Quito, Pichincha ( Quito )",2 Años,94% de compradores lo recomiendan,Tarjeta de Crédito
8,Reset Impresora Canon G2100 G3100 E402 E471 Mg3510 Bin Eprom,Impresoras y Accesorios,30.0,Nuevo  -  19 vendidos,"Santo Domingo, Santo Domingo de los Tsáchilas",6 Años,vacio,Tarjeta de Crédito
9,Impresora Canon Pixma G2100 Envio Gratis,Impresoras y Accesorios,168.0,Nuevo  -  11 vendidos,"Guayaquil, Guayas",10 Años,98% de compradores lo recomiendan,Tarjeta de Crédito
10,Impresora L380 Epson Sistema Original 2añosgarantia Inc Iva,Impresoras y Accesorios,159.0,Nuevo  -  79 vendidos,"Quito, Pichincha ( Quito )",10 Años,98% de compradores lo recomiendan,Tarjeta de Crédito
11,Sublimadora 8 En1 Para Sublimar Gorras Jarros Camisetas Ect.,Impresoras y Accesorios,600.0,Nuevo  -  214 vendidos,"Quito, Pichincha ( Quito )",8 Años,vacio,Efectivo
12,"Canon Mx492 Adf,wifi,fax Sistema De Tinta Continua De Lujo",Impresoras y Accesorios,120.0,Nuevo  -  407 vendidos,"Quito, Pichincha ( Quito )",5 Años,100% de compradores lo recomiendan,vacio
13,Sistema Continuo Doble Camara Para Canon Con Tinta,Impresoras y Accesorios,7.0,Nuevo  -  351 vendidos,"Quito, Pichincha ( Quito )",5 Años,100% de compradores lo recomiendan,vacio
14,"Canon Ts6020 Wifi,duplex,fotos,pantalla,tinta Continua 5 Col",Impresoras y Accesorios,220.0,Nuevo  -  112 vendidos,"Quito, Pichincha ( Quito )",5 Años,100% de compradores lo recomiendan,Efectivo
15,"Epson Workforce 2630 Con Sistema,155 Con Chip, 170 Sin Chip",Impresoras y Accesorios,155.0,Nuevo  -  841 vendidos,"Quito, Pichincha ( Quito )",7 Años,99% de compradores lo recomiendan,Tarjeta de Crédito
16,Impresora Epson Wf3620-wf3720+sist.continua+wifi+duplex+adf,Impresoras y Accesorios,290.0,Nuevo  -  571 vendidos,"Quito, Pichincha ( Quito )",9 Años,99% de compradores lo recomiendan,Efectivo
17,Canon Mx922 Sistema Continuo Wifi Duplex Cd Pvc Fotos Nueva,Impresoras y Accesorios,170.0,Nuevo  -  9 vendidos,"Salcedo, Cotopaxi",7 Años,97% de compradores lo recomiendan,Tarjeta de Crédito
18,Combo Para Sublimación A3,Impresoras y Accesorios,999.0,Nuevo  -  53 vendidos,"Quito, Pichincha ( Quito )",4 Años,95% de compradores lo recomiendan,Tarjeta de Crédito
19,Impresora A3 Epson Wf7610-wf7710 Sist.cont+wifi+duplex+adf.,Impresoras y Accesorios,410.0,Nuevo  -  275 vendidos,"Quito, Pichincha ( Quito )",9 Años,99% de compradores lo recomiendan,Efectivo
20,Sublimadora De Jarros 5 A La Vez / Precio Incluye Iva,Impresoras y Accesorios,479.0,Nuevo  -  26 vendidos,"Salcedo, Cotopaxi",7 Años,97% de compradores lo recomiendan,Tarjeta de Crédito
21,Copiadora Impresora Ricoh Mpc 300 Entrega Inmediata,Impresoras y Accesorios,790.0,Nuevo  -  45 vendidos,"Quito, Pichincha ( Quito )",5 Años,98% de compradores lo recomiendan,Tarjeta de Crédito
22,Impresora Epson L575 Sistema Original Incluye Iva Wifi,Impresoras y Accesorios,353.0,Nuevo  -  215 vendidos,"Quito, Pichincha ( Quito )",2 Años,97% de compradores lo recomiendan,Tarjeta de Crédito
23,Canon Mg2410 - Impresora Multifunción,Impresoras y Accesorios,45.0,Nuevo  -  5 vendidos,"Quito, Pichincha ( Quito )",5 Años,99% de compradores lo recomiendan,Efectivo
24,Epson L380 - L220 Impresora Sistema Original Incluye Iva,Impresoras y Accesorios,183.0,Nuevo  -  888 vendidos,"Quito, Pichincha ( Quito )",2 Años,97% de compradores lo recomiendan,Tarjeta de Crédito
25,"Impresora Epson L4160, Duplex, Wifi, Original, De Fabrica",Impresoras y Accesorios,252.0,Nuevo  -  32 vendidos,"Quito, Pichincha ( Quito )",8 Años,98% de compradores lo recomiendan,Efectivo
26,Epson L4150 Wifi 2018 Re L395+obsequio/domicilio/instalación,Impresoras y Accesorios,245.0,Nuevo  -  245 vendidos,"Quito, Pichincha ( Quito )",6 Años,99% de compradores lo recomiendan,Efectivo
27,Impresora Epson L380 Incluido Iva,Impresoras y Accesorios,199.0,Nuevo  -  1 vendido,"Quito, Pichincha ( Quito )",7 Años,vacio,Tarjeta de Crédito
28,Sistema De Tinta Continua Tipo Original Para Impresora Epson,Impresoras y Accesorios,34.0,Nuevo  -  151 vendidos,"Quito, Pichincha ( Quito )",4 Años,95% de compradores lo recomiendan,Efectivo
29,Impresora Multifuncion Epson L4150 Tintas Eco Tank Wifi,Impresoras y Accesorios,254.0,Nuevo  -  1 vendido,"Guayaquil, Guayas",5 Meses,100% de compradores lo recomiendan,Tarjeta de Crédito
30,Copiadora Color Ricoh Mpc 2051 Garantía+crédito,Impresoras y Accesorios,870.0,Usado  -  6 vendidos,"Quito, Pichincha ( Quito )",vacio,vacio,Tarjeta de Crédito
31,Impresora Canon Mg 6821 Con Sistema De Tinta . Wifi -duplex,Impresoras y Accesorios,220.0,Nuevo  -  46 vendidos,"Quito, Pichincha ( Quito )",4 Años,95% de compradores lo recomiendan,Tarjeta de Crédito
32,Copiadoras Impresoras Ricoh Mpc 400 Oferta,Impresoras y Accesorios,890.0,Usado  -  119 vendidos,"Quito, Pichincha ( Quito )",5 Años,98% de compradores lo recomiendan,Tarjeta de Crédito
33,Impresora Epson 3720 Con Tinta Continua Precio Incluye Iva,Impresoras y Accesorios,269.0,Nuevo  -  85 vendidos,"Quito, Pichincha ( Quito )",9 Años,98% de compradores lo recomiendan,Efectivo
34,Hp 5820 Tinta Continua Original Impresora Incluye Iva Wifi,Impresoras y Accesorios,183.0,Nuevo  -  4 vendidos,"Quito, Pichincha ( Quito )",2 Años,94% de compradores lo recomiendan,Tarjeta de Crédito
35,Epson Wf2630 Mejor Que L565 Original Sin Chip Reset Wifi Adf,Impresoras y Accesorios,170.0,Nuevo  -  68 vendidos,"Salcedo, Cotopaxi",7 Años,97% de compradores lo recomiendan,Tarjeta de Crédito
36,Con Iva. Jarros Para Sublimar Blanco Aaa,Impresoras y Accesorios,1.0,Nuevo  -  13 vendidos,"Guayaquil, Guayas",10 Años,98% de compradores lo recomiendan,Tarjeta de Crédito
37,Lector Codigo De Barra Unitech Ms836 !originales!!,Impresoras y Accesorios,54.0,Nuevo  -  34 vendidos,"Quito, Pichincha ( Quito )",8 Años,98% de compradores lo recomiendan,Efectivo
38,Sublimadora 8 En 1 + Impresora Epson A4,Impresoras y Accesorios,850.0,Nuevo  -  5 vendidos,"Quito, Pichincha ( Quito )",5 Años,vacio,Tarjeta de Crédito
39,"Chip Autoreseteable Epson Tx, Cx, Wf Artisan 2,4,5,6 Colores",Impresoras y Accesorios,9.0,Nuevo  -  2 vendidos,"Salcedo, Cotopaxi",7 Años,97% de compradores lo recomiendan,Tarjeta de Crédito
40,Multifuncion Hp Color Impresora 2135 Copiadora Scanner Canon,Impresoras y Accesorios,35.0,Nuevo  -  11 vendidos,"Guayaquil, Guayas",4 Años,97% de compradores lo recomiendan,Tarjeta de Crédito
41,Toner Negro Copiadoras Ricoh Color Mpc 5002 4502 5502 Oferta,Impresoras y Accesorios,55.0,Nuevo  -  30 vendidos,"Quito, Pichincha ( Quito )",3 Años,99% de compradores lo recomiendan,Efectivo
42,Copiadora Ricoh Mp4000,Impresoras y Accesorios,870.0,Usado  -  3 vendidos,"Quito, Pichincha ( Quito )",5 Años,95% de compradores lo recomiendan,Efectivo
43,Chip Reseteable Epson Tx Wf Xp Y Mas Por Mayor Y Menor,Impresoras y Accesorios,14.0,Nuevo  -  143 vendidos,"Quito, Pichincha ( Quito )",4 Años,99% de compradores lo recomiendan,Efectivo
44,Impresora Epson L380 Multifuncion De Tinta Continua Original,Impresoras y Accesorios,189.0,Nuevo  -  11 vendidos,"Quito, Pichincha ( Quito )",5 Años,96% de compradores lo recomiendan,Efectivo
45,Copiadora Y Toner Ricoh Mp2060 /7000 /8000 /9000/8001 Oferta,Impresoras y Accesorios,25.0,Nuevo  -  10 vendidos,"Quito, Pichincha ( Quito )",3 Años,99% de compradores lo recomiendan,Efectivo
46,Impresora Epson Wf 2750 2760 Sistema Adaptado Wifi Duplex,Impresoras y Accesorios,188.0,Nuevo  -  58 vendidos,"Guayaquil, Guayas",9 Años,97% de compradores lo recomiendan,Tarjeta de Crédito
47,Plastificadora A4 No Desechable Garantizada Mica Gruesa #10,Impresoras y Accesorios,59.0,Nuevo  -  8 vendidos,"Quito, Pichincha ( Quito )",3 Años,99% de compradores lo recomiendan,Tarjeta de Crédito
48,Impresora Epson L575 Multifuncion Tinta Continua Original,Impresoras y Accesorios,344.0,Nuevo  -  81 vendidos,"Quito, Pichincha ( Quito )",17 Años,94% de compradores lo recomiendan,Efectivo
49,Impresora Canon Pixma G3100 Wifi Sistema De Tinta Original,Impresoras y Accesorios,197.0,Nuevo  -  1 vendido,"Cuenca, Azuay",14 Años,95% de compradores lo recomiendan,Efectivo
50,Hp Officejet Pro 7740 A3 A4 Wifi Adf 2 Bandejas Tinta Contin,Impresoras y Accesorios,585.0,Nuevo  -  3 vendidos,"Quito, Pichincha ( Quito )",5 Años,100% de compradores lo recomiendan,Efectivo
51,Epson Wf7610 A3 Solo Distribuidores Disponemos Varios Modelo,Impresoras y Accesorios,400.0,Nuevo  -  30 vendidos,"Quito, Pichincha ( Quito )",4 Años,99% de compradores lo recomiendan,Efectivo
52,Epson L805 + Bandeja Cd + Bandeja Pvc + 100 Pvc Nuevas,Impresoras y Accesorios,540.0,Nuevo  -  1 vendido,"Quito, Pichincha ( Quito )",7 Años,99% de compradores lo recomiendan,Tarjeta de Crédito
53,Impresora Hp Gt5810 Sistema De Tinta Original Multifunción,Impresoras y Accesorios,157.0,Nuevo  -  1 vendido,"Quito, Pichincha ( Quito )",3 Años,96% de compradores lo recomiendan,Tarjeta de Crédito
54,Manguera Para Sistemas De Tinta Continua De 4 Y 8 Vías,Impresoras y Accesorios,1.0,Nuevo  -  39 vendidos,"Quito, Pichincha ( Quito )",4 Años,99% de compradores lo recomiendan,Efectivo
55,Con Iva Jarro Blanco Fondo De Colores Sublimable,Impresoras y Accesorios,1.0,Nuevo  -  3 vendidos,"Guayaquil, Guayas",10 Años,98% de compradores lo recomiendan,Efectivo
56,Epson L380 Impresora Con Tinta Para Sublimar Para Estampado,Impresoras y Accesorios,202.0,Nuevo  -  1 vendido,"Quito, Pichincha ( Quito )",13 Años,93% de compradores lo recomiendan,Tarjeta de Crédito
57,Copiadora Ricoh Blanco Y Negro Mp 4002 Oferta+crédito,Impresoras y Accesorios,999.0,Usado  -  4 vendidos,"Quito, Pichincha ( Quito )",vacio,vacio,Tarjeta de Crédito
58,"Reset Epson L395, L495 ///comprobado///",Impresoras y Accesorios,5.0,Nuevo  -  63 vendidos,"Quito, Pichincha ( Quito )",8 Años,vacio,Efectivo
59,"Epson Wf7110 A3 A4 Sublimacion Sublimadora 8 En 1, Insumos",Impresoras y Accesorios,480.0,Nuevo  -  28 vendidos,"Quito, Pichincha ( Quito )",5 Años,100% de compradores lo recomiendan,Tarjeta de Crédito
60,Impresora Epson L355 L375 L395 Sistema Original Incluye Iva,Impresoras y Accesorios,275.0,Nuevo  -  28 vendidos,"Quito, Pichincha ( Quito )",4 Años,92% de compradores lo recomiendan,Tarjeta de Crédito
61,Impresora Epson L575 Multifuncion Wifi + Fax Tinta Continua,Impresoras y Accesorios,315.0,Nuevo  -  14 vendidos,"Quito, Pichincha ( Quito )",2 Años,vacio,Efectivo
62,Impresora Canon E402 Sistema De Tinta Continua Incluye Iva,Impresoras y Accesorios,54.0,Nuevo  -  69 vendidos,"Quito, Pichincha ( Quito )",11 Meses,vacio,Tarjeta de Crédito
63,"Cintas Etiquetadora Epson Lw400, Lw 300, Lw600, Etc",Impresoras y Accesorios,16.0,Nuevo  -  86 vendidos,"Quito, Pichincha ( Quito )",1 Año,100% de compradores lo recomiendan,Tarjeta de Crédito
64,Impresora Epson Wf2750+sist.tinta Continua+wifi+duplex+adf,Impresoras y Accesorios,199.0,Nuevo  -  206 vendidos,"Guayaquil, Guayas",3 Años,94% de compradores lo recomiendan,Tarjeta de Crédito
65,Samsung Smart Tv 43 Pulgadas Ultra Hd 4k Hdr Serie 7,Impresoras y Accesorios,520.0,Nuevo  -  54 vendidos,"Guayaquil, Guayas",1 Año,vacio,vacio
66,Impresora Epson Tipo L495 Ecotack 340 Wifi Garantíazada,Impresoras y Accesorios,149.0,Nuevo  -  111 vendidos,"Quito, Pichincha ( Quito )",4 Años,92% de compradores lo recomiendan,Efectivo
67,Impresora Multifuncional De Tinta Hp Deskjet Advantaje 2135,Impresoras y Accesorios,37.0,Nuevo  -  26 vendidos,"Guayaquil, Guayas",2 Años,100% de compradores lo recomiendan,Efectivo
68,Impresora Epson 2650 2750 Duplex Tinta Continua Similar L656,Impresoras y Accesorios,179.0,Nuevo  -  9 vendidos,"Quito, Pichincha ( Quito )",4 Años,92% de compradores lo recomiendan,Tarjeta de Crédito
69,Epson L850 Impresora Multifuncion Fotografica Cd/dvd Inc Iva,Impresoras y Accesorios,609.0,Nuevo  -  2 vendidos,"Quito, Pichincha ( Quito )",11 Años,100% de compradores lo recomiendan,Tarjeta de Crédito
70,Servicio Tecnico Impresoras Epson A Domicilio Computadoras,Impresoras y Accesorios,10.0,Usado  -  33 vendidos,"Quito, Pichincha ( Quito )",5 Años,vacio,Efectivo
71,Mtec Epson L656 Impresora Sistema Tinta Duplex Red Wireless,Impresoras y Accesorios,584.0,Nuevo  -  19 vendidos,"Quito, Pichincha ( Quito )",11 Años,100% de compradores lo recomiendan,Tarjeta de Crédito
72,"Transistor Reparación Placa Epson Xp211,xp401,l210,l355,l555",Impresoras y Accesorios,5.0,Nuevo  -  73 vendidos,"Guayaquil, Guayas",3 Años,vacio,vacio
73,Impresora A3 Hp 7740 Officejet Scan Copia Color Inc Iva,Impresoras y Accesorios,298.0,Nuevo  -  12 vendidos,"Quito, Pichincha ( Quito )",1 Año,95% de compradores lo recomiendan,Tarjeta de Crédito
74,Epson Et 2550,Impresoras y Accesorios,260.0,Nuevo  -  7 vendidos,"Quito, Pichincha ( Quito )",6 Meses,vacio,Tarjeta de Crédito
75,Impresora Epson L396 Multifuncion Con Sistema De Tinta Wifi,Impresoras y Accesorios,209.0,Nuevo  -  221 vendidos,"Guayaquil, Guayas",4 Años,97% de compradores lo recomiendan,Efectivo
76,"Epson Xp600 Imprime Cd Copia, Imprime Papel",Impresoras y Accesorios,240.0,Nuevo  -  6 vendidos,"Quito, Pichincha ( Quito )",5 Años,vacio,Efectivo
77,Impresora Epson Wf 2630 Tinta Continua Mejor L395 Oferta,Impresoras y Accesorios,205.0,Nuevo  -  13 vendidos,"Quito, Pichincha ( Quito )",4 Años,92% de compradores lo recomiendan,Tarjeta de Crédito
78,Copiadora Impresora Canon Con Sistema De Tinta Continua,Impresoras y Accesorios,85.0,Nuevo  -  2 vendidos,"Guayaquil, Guayas",11 Años,vacio,vacio
79,Impresora Multifuncional Hp2675 / Wifi / Todo En Uno,Impresoras y Accesorios,58.0,Nuevo  -  1 vendido,"Guayaquil, Guayas",11 Meses,vacio,Efectivo
80,Scanner Para Impresora Epson L210,Impresoras y Accesorios,30.0,Usado  -  1 vendido,"Guayaquil, Guayas",10 Años,vacio,vacio
81,Impresora Multifunción Hp Photosmart C4680,Impresoras y Accesorios,80.0,Usado  -  1 vendido,"Rumiñahui, Pichincha ( Quito )",4 Años,vacio,Efectivo
82,Cabezal Epson Tx600 Tx610 Tx620 Wf545 Wf645 Wf620 Wf840 Etc.,Impresoras y Accesorios,72.0,Nuevo  -  20 vendidos,"Quito, Pichincha ( Quito )",5 Años,vacio,Efectivo
83,Impresora Multifuncion Wifi Canon Mx492,Impresoras y Accesorios,85.0,Nuevo  -  1 vendido,"Quito, Pichincha ( Quito )",2 Meses,vacio,vacio
84,Tv Box Android Mxq 4k Convertidor A Smartv Wifi Usb Hdmi Sd,Impresoras y Accesorios,39.0,Nuevo  -  21 vendidos,"Santa Rosa, El Oro",4 Años,100% de compradores lo recomiendan,Tarjeta de Crédito
85,"Bin Epson Wf2750, Bin Xp340, Bin Xp241- No Mas Chips Ni Cart",Impresoras y Accesorios,75.0,Nuevo  -  2 vendidos,"Quito, Pichincha ( Quito )",8 Años,vacio,Tarjeta de Crédito
86,Impresora Canon G2110 Oferta,Impresoras y Accesorios,145.0,Nuevo  -  1 vendido,"Quito, Pichincha ( Quito )",6 Años,vacio,Efectivo
87,Impresora Epson L380 Sistema De Tinta Original,Impresoras y Accesorios,199.0,Nuevo  -  1 vendido,"Quito, Pichincha ( Quito )",3 Años,vacio,Efectivo
88,Epson L1300 Impresora Formato A3 Sistema Continuo Inc Iva,Impresoras y Accesorios,694.0,Nuevo,"Quito, Pichincha ( Quito )",11 Años,100% de compradores lo recomiendan,Tarjeta de Crédito
89,Mmpresoras Canon Mg2510 Con Sistema Continuo,Impresoras y Accesorios,85.0,Nuevo,"Quito, Pichincha ( Quito )",2 Años,vacio,Efectivo
90,Impresora Canon G3100 Multifuncion/wifi/sistematinta Origina,Impresoras y Accesorios,217.0,Nuevo,"Quito, Pichincha ( Quito )",7 Años,91% de compradores lo recomiendan,Tarjeta de Crédito
91,Impresora Multifunción Lexmark Prevail Pro709,Impresoras y Accesorios,70.0,Usado,"Quito, Pichincha ( Quito )",13 Años,vacio,Efectivo
92,Impresora Multifunción - Color-hp Officejet Pro 8710,Impresoras y Accesorios,230.0,Nuevo  -  3 vendidos,"Quito, Pichincha ( Quito )",1 Año,vacio,Efectivo
93,Impresora Multifuncion Epson L655 Duplex-red-wifi,Impresoras y Accesorios,550.0,Nuevo,"Guayaquil, Guayas",11 Años,98% de compradores lo recomiendan,Efectivo
94,Impresora Multifuncion Epson 2650 Sublimación,Impresoras y Accesorios,225.0,Nuevo  -  10 vendidos,"Quito, Pichincha ( Quito )",4 Años,92% de compradores lo recomiendan,vacio
95,Ltc Impresora Hp Multifuncion Deskjet Gt-5810 Tinta Continua,Impresoras y Accesorios,174.0,Nuevo  -  3 vendidos,"Quito, Pichincha ( Quito )",10 Años,99% de compradores lo recomiendan,Tarjeta de Crédito
96,Impresora Epson Multifuncion L4150 Tinta Continua Color Wifi,Impresoras y Accesorios,258.0,Nuevo  -  6 vendidos,"Quito, Pichincha ( Quito )",14 Años,99% de compradores lo recomiendan,vacio
97,Impresora Multifunción Epson L380 Tinta Continua Original,Impresoras y Accesorios,244.0,Nuevo  -  1 vendido,"Quito, Pichincha ( Quito )",10 Años,99% de compradores lo recomiendan,Tarjeta de Crédito
98,Impresora Hp Tinta Continua Original Con Wifi 415 Nueva,Impresoras y Accesorios,198.0,Nuevo,"Quito, Pichincha ( Quito )",2 Años,vacio,Tarjeta de Crédito
99,Impresora Epson 7620 A3 Wifi Sistema De Sublimar Sublimación,Impresoras y Accesorios,595.0,Nuevo,"Quito, Pichincha ( Quito )",1 Año,vacio,Tarjeta de Crédito
0,Reloj Garmin Vivosmart Hr - Calorias Frec Cardiaca Distancia,Relojes,169.0,Nuevo  -  235 vendidos,"Guayaquil, Guayas",4 Años,97% de compradores lo recomiendan,Efectivo
1,Reloj Casio Aw-80 Metalico Analogo Digital En Caja Original,Relojes,42.0,Nuevo  -  19 vendidos,"Quito, Pichincha ( Quito )",12 Años,97% de compradores lo recomiendan,Tarjeta de Crédito
2,Relojes Fossil Fs5326 Sport Camuflaje Original Nuevo En Caja,Relojes,84.0,Nuevo  -  68 vendidos,"Quito, Pichincha ( Quito )",12 Años,97% de compradores lo recomiendan,Tarjeta de Crédito
3,Reloj Original Casio Lq-139 Mujer Negro,Relojes,29.0,Nuevo  -  13 vendidos,"Quito, Pichincha ( Quito )",16 Años,98% de compradores lo recomiendan,Tarjeta de Crédito
4,Reloj Casio Sport Sgw-600 Termometro Brujula 100% Original,Relojes,79.0,Nuevo  -  12 vendidos,"Quito, Pichincha ( Quito )",12 Años,97% de compradores lo recomiendan,Tarjeta de Crédito
5,Reloj Pulsera De Mujer Pulsera De Cuero Varios Diseños,Relojes,9.0,Nuevo  -  251 vendidos,"Quito, Pichincha ( Quito )",7 Años,vacio,Efectivo
6,Relojes Casio Gshock Varios Modelo Originales Nuevos En Caja,Relojes,124.0,Nuevo  -  18 vendidos,"Guayaquil, Guayas",4 Años,100% de compradores lo recomiendan,Efectivo
7,Reloj Moderno Hombre Megir Cronometro Fechador Acero,Relojes,44.0,Nuevo  -  28 vendidos,Loja,5 Años,99% de compradores lo recomiendan,Efectivo
8,Reloj Casio Aw-80 Militar Analogo Digital En Caja Original,Relojes,36.0,Nuevo  -  318 vendidos,"Quito, Pichincha ( Quito )",12 Años,97% de compradores lo recomiendan,Cheque
9,De Lujo Reloj Para Mujer Marca Beike Moda 2018,Relojes,8.0,Nuevo  -  260 vendidos,"Quito, Pichincha ( Quito )",1 Año,94% de compradores lo recomiendan,Efectivo
10,Reloj Deportivo Digital Cuarzo Hombre Color Azul,Relojes,19.0,Nuevo  -  95 vendidos,"Quito, Pichincha ( Quito )",3 Años,99% de compradores lo recomiendan,Tarjeta de Crédito
11,Reloj Naviforce Resistente Al Agua En Caja 1 Año De Garantía,Relojes,52.0,Nuevo  -  21 vendidos,Loja,4 Años,99% de compradores lo recomiendan,Efectivo
12,Reloj Casio Sport Sgw-100 Termometro Brujula 100% Original,Relojes,79.0,Nuevo  -  183 vendidos,"Quito, Pichincha ( Quito )",12 Años,97% de compradores lo recomiendan,Cheque
13,Reloj Fossil Hombre Ch2573 Acero - Cronógrafo - Silicon,Relojes,130.0,Nuevo  -  39 vendidos,"Guayaquil, Guayas",4 Años,100% de compradores lo recomiendan,Efectivo
14,Reloj Casio Solar Aq-s800 Metalico Digital Analogo Agua 100m,Relojes,68.0,Nuevo  -  53 vendidos,"Quito, Pichincha ( Quito )",12 Años,97% de compradores lo recomiendan,Tarjeta de Crédito
15,Relojes Fossil Mujer Varios Modelos Originales Acero,Relojes,154.0,Nuevo  -  93 vendidos,"Guayaquil, Guayas",4 Años,100% de compradores lo recomiendan,Efectivo
16,Reloj Invicta Originales Importados,Relojes,149.0,Nuevo  -  2 vendidos,"Guayaquil, Guayas",3 Años,98% de compradores lo recomiendan,Tarjeta de Crédito
17,Garmin Vivoactive Hr Gps Reloj Inteligente Smartwatch Sport,Relojes,250.0,Nuevo  -  1 vendido,"Quito, Pichincha ( Quito )",2 Años,99% de compradores lo recomiendan,Efectivo
18,"Felicidades Mamá, Hoy Y Siempre, Aunque Hoy Te Digo Que Te",Relojes,99.0,Nuevo  -  14 vendidos,"Quito, Pichincha ( Quito )",2 Años,94% de compradores lo recomiendan,Tarjeta de Crédito
19,Reloj Casio Aw-81d Metalico Led Analogo Digital - Original,Relojes,44.0,Nuevo  -  5 vendidos,"Quito, Pichincha ( Quito )",12 Años,97% de compradores lo recomiendan,Tarjeta de Crédito
20,Reloj Gps Garmin Vivoactive Hr Smartwatch Deportes Cardiaco,Relojes,255.0,Nuevo  -  5 vendidos,"Quito, Pichincha ( Quito )",6 Años,100% de compradores lo recomiendan,Efectivo
21,Reloj Casio Tough Solar Aq-s800 Digital Analogo 100% Origina,Relojes,54.0,Nuevo  -  19 vendidos,"Quito, Pichincha ( Quito )",12 Años,97% de compradores lo recomiendan,Tarjeta de Crédito
22,Reloj U.s Polo Assn Analogo Digital Us9061 Cronometro Alarma,Relojes,44.0,Nuevo  -  89 vendidos,"Quito, Pichincha ( Quito )",12 Años,97% de compradores lo recomiendan,Tarjeta de Crédito
23,Reloj Casio Sport Sgw-500 Brujula Termometro Luz Led - 100m,Relojes,93.0,Nuevo  -  140 vendidos,"Quito, Pichincha ( Quito )",12 Años,97% de compradores lo recomiendan,Tarjeta de Crédito
24,Camara Nikon Keymission 360 4k Wifi Bluetooth Nuevas,Relojes,529.0,Nuevo  -  16 vendidos,"Quito, Pichincha ( Quito )",5 Años,98% de compradores lo recomiendan,Tarjeta de Crédito
25,Fossil Reloj Mujer Correa Metálica Original Fosil Es4288,Relojes,148.0,Nuevo,"Quito, Pichincha ( Quito )",11 Años,99% de compradores lo recomiendan,Tarjeta de Crédito
26,Reloj Invicta Mujer 8942 Pro Diver Metalico 100% Original,Relojes,99.0,Nuevo,"Quito, Pichincha ( Quito )",12 Años,97% de compradores lo recomiendan,Tarjeta de Crédito
27,Diesel Relojes Para Hombre Originales Varios Modelo Diesel,Relojes,149.0,Nuevo  -  5 vendidos,"Quito, Pichincha ( Quito )",11 Años,99% de compradores lo recomiendan,Tarjeta de Crédito
28,Relojes Naviforce Minifocus Y Curren De Lujo Originales,Relojes,40.0,Nuevo  -  1 vendido,"Milagro, Guayas",vacio,vacio,vacio
29,Reloj Citizen Divers 200 Mts Como Nuevo En Su Caja,Relojes,270.0,Usado,"Quito, Pichincha ( Quito )",5 Años,98% de compradores lo recomiendan,Efectivo
30,Casio Sgw-500h Reloj Brújula Termómetro Oferta Navidad,Relojes,114.0,Nuevo  -  4 vendidos,"Quito, Pichincha ( Quito )",11 Años,99% de compradores lo recomiendan,Tarjeta de Crédito
31,Reloj Casio Blanco 200mt Original Analogo Digital,Relojes,99.0,Nuevo,"Quito, Pichincha ( Quito )",10 Años,98% de compradores lo recomiendan,Tarjeta de Crédito
32,Relojes Diesel Dz 7376 Nuevos/caja Originales Espectaculares,Relojes,199.0,Nuevo  -  3 vendidos,"Quito, Pichincha ( Quito )",14 Años,vacio,Efectivo
33,Reloj Femenino En Acero Inoxidable Casual Y Formal Rosado,Relojes,29.0,Nuevo  -  2 vendidos,"Quito, Pichincha ( Quito )",vacio,vacio,Efectivo
34,Reloj Casio Db-36 Original.,Relojes,29.0,Nuevo  -  1 vendido,"Quito, Pichincha ( Quito )",10 Años,vacio,vacio
35,Reloj U.s Polo Assn Analogo Digital Us9058 Cronometro Alarma,Relojes,49.0,Nuevo  -  119 vendidos,"Quito, Pichincha ( Quito )",12 Años,97% de compradores lo recomiendan,Tarjeta de Crédito
36,Reloj Casio Edifice Efv-510d Acero Cronografo 100% Original,Relojes,149.0,Nuevo  -  45 vendidos,"Quito, Pichincha ( Quito )",12 Años,97% de compradores lo recomiendan,Tarjeta de Crédito
37,Reloj Analógico Casio (modelo: Mw600f -2av),Relojes,24.0,Nuevo,"Quito, Pichincha ( Quito )",4 Años,97% de compradores lo recomiendan,Efectivo
38,"Reloj Q&q, Deportivo G-shock 10 Bar, Hombre, Alarmas,luz Led",Relojes,37.0,Nuevo  -  76 vendidos,"Quito, Pichincha ( Quito )",7 Años,99% de compradores lo recomiendan,Tarjeta de Crédito
39,Casio Reloj Sport (sgw-300h1av) Incluido Iva,Relojes,82.0,Nuevo  -  1 vendido,"Quito, Pichincha ( Quito )",7 Años,vacio,Tarjeta de Crédito
40,( Somos Ecuaclick ) Reloj Casio Digital Sgw 600 Brújula 100m,Relojes,85.0,Nuevo  -  13 vendidos,"Guayaquil, Guayas",5 Años,99% de compradores lo recomiendan,Efectivo
41,Reloj Diesel Dorado Dz4360 Original Para Hombre,Relojes,250.0,Nuevo  -  14 vendidos,"Guayaquil, Guayas",1 Año,99% de compradores lo recomiendan,Tarjeta de Crédito
42,Reloj Rolex Submarine Acero Y Oro Automatico Eta Con Caja,Relojes,380.0,Nuevo  -  10 vendidos,"Guayaquil, Guayas",2 Años,vacio,Efectivo
43,"Reloj Q&q,hombre,pulsera De Cuero,resistente Al Agua, Qa52j.",Relojes,25.0,Nuevo  -  22 vendidos,"Quito, Pichincha ( Quito )",7 Años,99% de compradores lo recomiendan,Tarjeta de Crédito
44,Reloj Casio Retro Vintage Dorado Plateado Varios Colores,Relojes,18.0,Nuevo  -  58 vendidos,"Guayaquil, Guayas",5 Años,vacio,Tarjeta de Crédito
45,Reloj Pulsera Cuarzo Mujer Vintage Varios Colores,Relojes,5.0,Nuevo  -  365 vendidos,"Cuenca, Azuay",14 Años,95% de compradores lo recomiendan,Tarjeta de Crédito
46,Reloj Mecanico Minimalista Vintage Para Hombre,Relojes,124.0,Nuevo  -  25 vendidos,"Guayaquil, Guayas",11 Meses,vacio,Efectivo
47,Reloj Brazalete Para Mujer Elegante Con Brillos,Relojes,7.0,Nuevo  -  108 vendidos,"Cuenca, Azuay",14 Años,95% de compradores lo recomiendan,Tarjeta de Crédito
48,Maquina De Reloj De Pared,Relojes,3.0,Nuevo  -  36 vendidos,"Quito, Pichincha ( Quito )",4 Años,vacio,vacio
49,Reloj Led Digital Tactil Para Agua Silicona Delgado Sport,Relojes,2.0,Nuevo  -  135 vendidos,"Quito, Pichincha ( Quito )",4 Años,94% de compradores lo recomiendan,Tarjeta de Crédito
50,Cajas Para Reloj Rolex Nuevas,Relojes,98.0,Nuevo  -  26 vendidos,"Guayaquil, Guayas",11 Meses,vacio,Efectivo
51,Correa De Repuesto Garmin Forerunner 10/15/ 920xt,Relojes,30.0,Nuevo  -  16 vendidos,"Guayaquil, Guayas",2 Años,100% de compradores lo recomiendan,Efectivo
52,Reloj Niños Infinity War Marvel Superman Batman Original,Relojes,24.0,Nuevo  -  20 vendidos,"Quito, Pichincha ( Quito )",8 Años,97% de compradores lo recomiendan,Tarjeta de Crédito
53,Reloj Led Digital Tactil Para Agua Silicona Delgado Sport,Relojes,2.0,Nuevo  -  192 vendidos,"Cuenca, Azuay",14 Años,95% de compradores lo recomiendan,vacio
54,"Cronometro Casio, Modelo Hs-3, Deportivo",Relojes,32.0,Nuevo  -  22 vendidos,"Quito, Pichincha ( Quito )",7 Años,99% de compradores lo recomiendan,Tarjeta de Crédito
55,Relojes Fossil,Relojes,149.0,Nuevo  -  18 vendidos,"Quhttps://listado.mercadolibre.com.ec/licuadoras_DisplayType_LF#D[A:licuadoras]ito, Pichincha ( Quito )",5 Años,100% de compradores lo recomiendan,vacio
56,"Reloj Casio Mw-240, Hombre, Resistente Al Agua, Deportivo",Relojes,22.0,Nuevo  -  31 vendidos,"Quito, Pichincha ( Quito )",7 Años,99% de compradores lo recomiendan,Tarjeta de Crédito
57,"Reloj Casio Para Mujer, Lq-139, Resistente Al Agua,",Relojes,16.0,Nuevo  -  15 vendidos,"Quito, Pichincha ( Quito )",7 Años,99% de compradores lo recomiendan,Tarjeta de Crédito
58,Reloj Led Digital Tactil Para Agua Silicona Delgado Sport,Relojes,2.0,Nuevo  -  37 vendidos,"Quito, Pichincha ( Quito )",4 Años,94% de compradores lo recomiendan,Tarjeta de Crédito
59,"Reloj Casio Hombre, Metal, Resistente Al Agua, Mtp-v002d-1a",Relojes,35.0,Nuevo  -  12 vendidos,"Quito, Pichincha ( Quito )",7 Años,99% de compradores lo recomiendan,Tarjeta de Crédito
60,Relojes Fossil,Relojes,154.0,Nuevo  -  25 vendidos,"Quito, Pichincha ( Quito )",5 Años,100% de compradores lo recomiendan,vacio
61,( Somos Ecuaclick ) Reloj Casio Edifice 545 Solar Original!!,Relojes,159.0,Nuevo  -  6 vendidos,"Guayaquil, Guayas",5 Años,99% de compradores lo recomiendan,Efectivo
62,( Somos Ecuaclick ) Oferta!! Reloj Invicta Wldflower Mujer,Relojes,149.0,Nuevo  -  5 vendidos,"Guayaquil, Guayas",5 Años,99% de compradores lo recomiendan,Efectivo
63,Reloj Fossil,Relojes,164.0,Nuevo  -  15 vendidos,"Quito, Pichincha ( Quito )",5 Años,100% de compradores lo recomiendan,vacio
64,Reloj Invicta Betty Boop Edicion Especial Correa Cuero Caja.,Relojes,135.0,Nuevo  -  4 vendidos,"Guayaquil, Guayas",5 Años,99% de compradores lo recomiendan,Efectivo
65,Reloj Deportivo Profesional F1 Ritmo Cardíaco Iva Y Garantia,Relojes,32.0,Nuevo  -  15 vendidos,"Quito, Pichincha ( Quito )",1 Año,100% de compradores lo recomiendan,Tarjeta de Crédito
66,"Reloj Casio, Hombre, Resistente Al Agua, Varios Modelos,",Relojes,18.0,Nuevo  -  3 vendidos,"Quito, Pichincha ( Quito )",7 Años,99% de compradores lo recomiendan,Tarjeta de Crédito
67,Reloj Synoke Nadar Cronografo Agua Correr Luz Buceo Deportes,Relojes,16.0,Nuevo  -  6 vendidos,"Cuenca, Azuay",14 Años,95% de compradores lo recomiendan,Tarjeta de Crédito
68,Reloj Digital Deportivo De Marca Hombre Mujer,Relojes,6.0,Nuevo  -  12 vendidos,"Guayaquil, Guayas",11 Meses,94% de compradores lo recomiendan,Efectivo
69,"Reloj Casio Deportivo W-215h, Resistente Al Agua 50m, Alarma",Relojes,29.0,Nuevo  -  26 vendidos,"Quito, Pichincha ( Quito )",7 Años,99% de compradores lo recomiendan,Tarjeta de Crédito
70,Reloj Casio Edifice Efa 120 En Caja Original.. No Copias!!!!,Relojes,109.0,Nuevo  -  100 vendidos,"Guayaquil, Guayas",5 Años,99% de compradores lo recomiendan,vacio
71,Reloj Fossil Hombre Fs4656 - Acero - Cuero - Original - New,Relojes,150.0,Nuevo  -  6 vendidos,"Quito, Pichincha ( Quito )",2 Años,vacio,Efectivo
72,Reloj Fossil Hombre Correa Metal Bq2275 100 % Nuevo Original,Relojes,155.0,Nuevo  -  5 vendidos,"Quito, Pichincha ( Quito )",7 Años,97% de compradores lo recomiendan,Tarjeta de Crédito
73,"Reloj Q&q, Deportivo G-shock 10 Bar, Hombre, Alarmas,luz Led",Relojes,37.0,Nuevo  -  6 vendidos,"Quito, Pichincha ( Quito )",7 Años,99% de compradores lo recomiendan,Tarjeta de Crédito
74,Relojes Led 100% Tactil Touch. Redondos Y Cuadrados,Relojes,9.0,Nuevo  -  6 vendidos,"Guayaquil, Guayas",3 Años,91% de compradores lo recomiendan,vacio
75,"Reloj Garmin Fenix 3 Hr Sapphire/ Brújula, Altímetreo, Barom",Relojes,450.0,Nuevo  -  2 vendidos,"Quito, Pichincha ( Quito )",2 Años,vacio,Efectivo
76,Q&q Reloj Para Hombre Y Mujer Correa De Metal Tejida Japonés,Relojes,38.0,Nuevo  -  6 vendidos,"Quito, Pichincha ( Quito )",7 Años,99% de compradores lo recomiendan,Tarjeta de Crédito
77,Reloj Deportes Resistente Con Luz Cronografo Niños Y Grandes,Relojes,5.0,Nuevo  -  63 vendidos,"Cuenca, Azuay",14 Años,95% de compradores lo recomiendan,Tarjeta de Crédito
78,Reloj Fossil Cuero Cafe Cronografo Original,Relojes,149.0,Nuevo  -  3 vendidos,"Tulcán, Carchi",8 Años,vacio,Tarjeta de Crédito
79,Reloj Deportivo Profesional Brazalete Jw018 Podómetro Iva,Relojes,39.0,Nuevo  -  7 vendidos,"Quito, Pichincha ( Quito )",1 Año,100% de compradores lo recomiendan,Tarjeta de Crédito
80,"Reloj Casio, Hombre, Resistente Al Agua, Varios Modelos,",Relojes,18.0,Nuevo  -  29 vendidos,"Quito, Pichincha ( Quito )",7 Años,99% de compradores lo recomiendan,Tarjeta de Crédito
81,Reloj adidas Analogo Sport,Relojes,20.0,Nuevo  -  5 vendidos,"Guayaquil, Guayas",2 Años,vacio,vacio
82,Reloj Garmin 010-n1353-01 Forerunner 25 Gps De Carrera,Relojes,129.0,Nuevo  -  2 vendidos,"Manta, Manabí",1 Año,vacio,Efectivo
83,Caja Portarelojes,Relojes,45.0,Nuevo  -  7 vendidos,"Ibarra, Imbabura",2 Años,vacio,vacio
84,Collar Arbol De La Vida,Relojes,15.0,Nuevo  -  8 vendidos,"Quito, Pichincha ( Quito )",12 Años,vacio,Tarjeta de Crédito
85,"Reloj Q&q, Deportivo 10 Bar, Resistente Al Agua",Relojes,24.0,Nuevo  -  2 vendidos,"Quito, Pichincha ( Quito )",7 Años,99% de compradores lo recomiendan,Tarjeta de Crédito
86,Diesel Reloj De Hombre Dz4389 (leer Descripción),Relojes,125.0,Nuevo  -  3 vendidos,"Guayaquil, Guayas",6 Años,vacio,Tarjeta de Crédito
87,Reloj De Mujer Guess U85110l1 Original Nuevo. Oferta,Relojes,150.0,Nuevo  -  3 vendidos,"Puyo, Pastaza",8 Años,100% de compradores lo recomiendan,Efectivo
88,Reloj Fossil Fs5395 The Commuter Para Hombre/electro Compras,Relojes,129.0,Nuevo  -  2 vendidos,"Quito, Pichincha ( Quito )",3 Años,vacio,Tarjeta de Crédito
89,Reloj Casio Edifice Ef-527d-1avef / Bar 10m / Acero / Electr,Relojes,165.0,Nuevo  -  1 vendido,"Quito, Pichincha ( Quito )",3 Años,vacio,Tarjeta de Crédito
90,Fossil Riley Rose Gold-tone Es2811 Mujer (leer Descripción),Relojes,119.0,Nuevo  -  5 vendidos,"Guayaquil, Guayas",6 Años,vacio,Tarjeta de Crédito
91,"Reloj Qyq, Resistente Al Agua, 5 Alarmas, Medidor De Pasos",Relojes,30.0,Nuevo  -  15 vendidos,"Quito, Pichincha ( Quito )",7 Años,99% de compradores lo recomiendan,Tarjeta de Crédito
92,"Reloj Qyq, Deportivo,dígital, Resistente Al Agua,dama,niño/a",Relojes,20.0,Nuevo  -  4 vendidos,"Quito, Pichincha ( Quito )",7 Años,99% de compradores lo recomiendan,Tarjeta de Crédito
93,Reloj Fossil Original Para Hombre,Relojes,140.0,Nuevo  -  1 vendido,"Quito, Pichincha ( Quito )",6 Años,vacio,vacio
94,Reloj Qyq Deportivo G-shok Camuflaje Hora Mundial Cronometro,Relojes,30.0,Nuevo  -  1 vendido,"Quito, Pichincha ( Quito )",7 Años,99% de compradores lo recomiendan,Tarjeta de Crédito
95,Reloj Fossil Fs5338 Reloj De Acero Inoxidable Analógico,Relojes,154.0,Nuevo  -  1 vendido,"Quito, Pichincha ( Quito )",2 Años,vacio,Tarjeta de Crédito
96,Reloj Casio G-shock Gd100-1b/ Resiste Al Agua 200m,Relojes,135.0,Nuevo  -  3 vendidos,"Quito, Pichincha ( Quito )",3 Años,vacio,Tarjeta de Crédito
97,Vendo O Cambio Reloj Fossil Blue Ch-2515,Relojes,135.0,Usado  -  1 vendido,"Quito, Pichincha ( Quito )",3 Años,vacio,vacio
98,"Relojes Calavera 3d, Skull Nuevos De Paquete, Varios Modelos",Relojes,135.0,Nuevo  -  1 vendido,"Guayaquil, Guayas",6 Años,vacio,vacio
99,"Reloj Casio Para Mujer, Correas De Metal, Resistente Al Agua",Relojes,35.0,Nuevo  -  2 vendidos,"Quito, Pichincha ( Quito )",7 Años,99% de compradores lo recomiendan,Tarjeta de Crédito
