titulo,tipo,precio,condicion,ubicacion,tiempo,reputacion,pago
Oster Licuadora 12 Velocidad + Procesador Alimentos 700 W,Electrodomésticos,58,Nuevo  -  106 vendidos,"Quito, Pichincha ( Quito )",11 Años,99% de compradores lo recomiendan,Tarjeta de Crédito
"Licuadora Samurai Optimix 500 W , Blanco / Negro",Electrodomésticos,27,Nuevo  -  25 vendidos,"Quito, Pichincha ( Quito )",4 Años,92% de compradores lo recomiendan,Tarjeta de Crédito
Nutribullet Pro 900 Watts 15 Piezas! Envío Gratis!!,Electrodomésticos,140,Nuevo  -  12 vendidos,"Quito, Pichincha ( Quito )",2 Años,,Efectivo
"Licuadora Oster Xpert,2hp,granizados,procesador De Alimentos",Electrodomésticos,230,Nuevo  -  14 vendidos,"Quito, Pichincha ( Quito )",6 Años,,Efectivo
Oster Vaso Licuadora Vidr + Base + Empaque + Cuchilla + Tapa,Electrodomésticos,14,Nuevo  -  24 vendidos,"Quito, Pichincha ( Quito )",12 Años,99% de compradores lo recomiendan,Tarjeta de Crédito
Hamilton Beach Licuadora 950w 3 Velocidades Cápsula Antiruid,Electrodomésticos,98,Nuevo  -  15 vendidos,"Quito, Pichincha ( Quito )",11 Años,99% de compradores lo recomiendan,Tarjeta de Crédito
Waffle De Pez Para Helado Taiyaki,Electrodomésticos,830,Usado  -  9 vendidos,"Quito, Pichincha ( Quito )",3 Años,,
Licuadora Magic 600w Potente Importada Con Garantia,Electrodomésticos,49,Nuevo  -  38 vendidos,"Guayaquil, Guayas",4 Años,97% de compradores lo recomiendan,Tarjeta de Crédito
Vaso De Licuadora Oster Vídrio + Tapa + Base + Cuchilla,Electrodomésticos,14,Nuevo  -  45 vendidos,"Quito, Pichincha ( Quito )",11 Años,99% de compradores lo recomiendan,Tarjeta de Crédito
Licuadora Hamilton Beach 53600 Silenciosa 950 Wats 1.5litros,Electrodomésticos,86,Nuevo,"Quito, Pichincha ( Quito )",1 Año,97% de compradores lo recomiendan,Tarjeta de Crédito
Licuadora Oster Clasica,Electrodomésticos,62,,"Quito, Pichincha ( Quito )",,,Efectivo
Licuadora Hamilton Silenciosa Bar Restaurante 950 Watts,Electrodomésticos,95,Nuevo,"Quito, Pichincha ( Quito )",2 Años,96% de compradores lo recomiendan,Tarjeta de Crédito
Licuadora Motor Reversible Oster,Electrodomésticos,89,Nuevo,"Quito, Pichincha ( Quito )",10 Meses,96% de compradores lo recomiendan,Efectivo
Licuadora Oster Clásica 3 Velocidades,Electrodomésticos,73,Nuevo  -  1 vendido,"Rumiñahui, Pichincha ( Quito )",8 Años,100% de compradores lo recomiendan,Tarjeta de Crédito
Licuadora Clásica Oster Original,Electrodomésticos,74,Nuevo,"Quito, Pichincha ( Quito )",2 Años,96% de compradores lo recomiendan,Tarjeta de Crédito
Licuadora Con Procesador 60 Onzas Hamilton Beach 58149,Electrodomésticos,74,Nuevo  -  12 vendidos,"Quito, Pichincha ( Quito )",8 Años,96% de compradores lo recomiendan,Tarjeta de Crédito
Licuadora Oster Delighter Negra 450w Blstdg-b00-013,Electrodomésticos,98,Nuevo  -  3 vendidos,"Guayaquil, Guayas",8 Años,99% de compradores lo recomiendan,Tarjeta de Crédito
Licuadora Con Dispensador De Bebidas Hamilton Beach 54615,Electrodomésticos,35,Nuevo  -  3 vendidos,"Cuenca, Azuay",14 Años,95% de compradores lo recomiendan,Tarjeta de Crédito
Licuadora Fusion Xcelerator 1000 Watt 14 Piezas Fitness Guia,Electrodomésticos,110,Nuevo  -  1 vendido,"Quito, Pichincha ( Quito )",7 Años,97% de compradores lo recomiendan,Tarjeta de Crédito
Licuadora Oster Reversible Negra,Electrodomésticos,80,Nuevo  -  17 vendidos,"Quito, Pichincha ( Quito )",1 Año,,
Licuadora Procesador Alimentos Oster Brly07 600w Reversible,Electrodomésticos,109,Nuevo  -  2 vendidos,"Quito, Pichincha ( Quito )",1 Año,100% de compradores lo recomiendan,Efectivo
Licuadora Black & Decker Bl10451g 10 Velocidades /@tepuyuio,Electrodomésticos,35,Nuevo  -  2 vendidos,"QUITO, Pichincha ( Quito )",3 Años,94% de compradores lo recomiendan,Efectivo
Licuadora Electrolux 8 Velocidades,Electrodomésticos,64,Nuevo  -  2 vendidos,"Quito, Pichincha ( Quito )",6 Meses,,Efectivo
Licuadora Con Procesador 2 En 1 60 Onzas Hamilton Beach Nuev,Electrodomésticos,65,Nuevo  -  2 vendidos,"Quito, Pichincha ( Quito )",3 Años,,Efectivo
"Licuadora Tradicional Oster,potente Motor , 3 Velocidades",Electrodomésticos,75,Nuevo  -  2 vendidos,"Quito, Pichincha ( Quito )",6 Años,,Efectivo
Licuadora Oster 7890r Reversible Roja,Electrodomésticos,79,Nuevo  -  1 vendido,"Quito, Pichincha ( Quito )",5 Años,,Efectivo
Cuchillas Y Empaque De Goma Oster Para Licuadora Oster,Electrodomésticos,5,Nuevo  -  17 vendidos,"Quito, Pichincha ( Quito )",2 Años,100% de compradores lo recomiendan,Efectivo
Licuadora Oster Xpert Series,Electrodomésticos,185,Nuevo  -  43 vendidos,"Quito, Pichincha ( Quito )",1 Año,,Efectivo
Oster Repuesto Cuchillas Para Picatodo Modelo 6004,Electrodomésticos,6,Nuevo  -  1 vendido,"Quito, Pichincha ( Quito )",7 Años,99% de compradores lo recomiendan,Tarjeta de Crédito
Licuadora Umco,Electrodomésticos,40,Nuevo,"Quito, Pichincha ( Quito )",,,
Licuadora Batidora Portatil Doble Vaso Shake N Take 3 2016,Electrodomésticos,14,Nuevo  -  28 vendidos,"Guayaquil, Guayas",3 Años,91% de compradores lo recomiendan,
Exprimidor De Citricos Black & Decker Cj625 30 Watts,Electrodomésticos,24,Nuevo  -  1 vendido,"Guayaquil, Guayas",8 Años,99% de compradores lo recomiendan,
Licuadora Oster Industrial Entregas Gratis 57616,Electrodomésticos,115,Nuevo  -  1 vendido,"Guayaquil, Guayas",,,Efectivo
Cafetera Hamilton Beach 40 Tazas 40540,Electrodomésticos,60,Nuevo  -  1 vendido,"Quito, Pichincha ( Quito )",7 Años,99% de compradores lo recomiendan,Tarjeta de Crédito
Licuadora Profesional 2 Vasos De 2 Litros 1200w Universal,Electrodomésticos,250,Nuevo  -  2 vendidos,"Quito, Pichincha ( Quito )",,,Efectivo
Parrilla Eléctrica 1200w Black&decker Ig201 Grill,Electrodomésticos,65,Nuevo  -  1 vendido,"Quito, Pichincha ( Quito )",7 Años,99% de compradores lo recomiendan,Tarjeta de Crédito
Licuadora Batidora Portatil Doble Vaso Shake N Take 3 2018,Electrodomésticos,14,Nuevo  -  1 vendido,"Quito, Pichincha ( Quito )",5 Meses,,Tarjeta de Crédito
"Licuadora Oster Vaso Vidrio, Cromado Elegante Potente",Electrodomésticos,69,Nuevo  -  2 vendidos,"Quito, Pichincha ( Quito )",2 Años,,Efectivo
Licuadora Oster 3 Velocidades Original Nuevos,Electrodomésticos,65,Nuevo  -  19 vendidos,"Quito, Pichincha ( Quito )",3 Años,,
"Licuadora Hamilton Beach 10 Velocidades, Negra",Electrodomésticos,44,Nuevo  -  11 vendidos,"Quito, Pichincha ( Quito )",7 Años,91% de compradores lo recomiendan,Tarjeta de Crédito
Licuadoras Original Mexicana Oster 4655 Nueva Con Garantia,Electrodomésticos,66,Nuevo  -  1 vendido,"Quito, Pichincha ( Quito )",5 Años,,Tarjeta de Crédito
Licuadora Reversible Oster Brly07-z00-013,Electrodomésticos,120,Nuevo  -  1 vendido,"Quito, Pichincha ( Quito )",4 Años,92% de compradores lo recomiendan,Tarjeta de Crédito
Oster Cuchilla Para Licuadora - Con Anillo De Goma,Electrodomésticos,4,Nuevo  -  3 vendidos,"Guayaquil, Guayas",8 Años,99% de compradores lo recomiendan,Tarjeta de Crédito
Licuadora Pica Todo Extractor De Jugos,Electrodomésticos,60,Nuevo,"Quito, Pichincha ( Quito )",4 Años,,
Licuadora Perilla Oster Best02-e00-013,Electrodomésticos,126,Nuevo,"Quito, Pichincha ( Quito )",4 Años,92% de compradores lo recomiendan,Tarjeta de Crédito
Total Maker 4 En 1 Extractor Mas Licuadora Jugoterapia,Electrodomésticos,139,Nuevo,"Quito, Pichincha ( Quito )",9 Meses,,Tarjeta de Crédito
Licuadora Sonic Garantizada Incluye Multiprocesador,Electrodomésticos,19,Nuevo,"Quito, Pichincha ( Quito )",6 Meses,,Efectivo
Licuadora Oster Xpert Pro,Electrodomésticos,250,Nuevo,"Quito, Pichincha ( Quito )",1 Año,,
Licuadora Batidora Portatil Shake N Take 3 Doble Vaso V.2018,Electrodomésticos,14,Nuevo,"Guayaquil, Guayas",7 Años,93% de compradores lo recomiendan,
Black & Decker Licuadora Velocidades Blbd10gss,Electrodomésticos,73,Nuevo,"Quito, Pichincha ( Quito )",4 Años,92% de compradores lo recomiendan,Tarjeta de Crédito
Fitmix Licuadora /trituradora Normal $169 Oferta $129,Electrodomésticos,129,Nuevo  -  2 vendidos,"Ibarra, Imbabura",11 Años,,
Licuadora Black Decker 650 Watt Blender,Electrodomésticos,49,Nuevo,"Ibarra, Imbabura",5 Años,,
Licuadora Mejor Que La Marca Oster Con Garantía,Electrodomésticos,45,Nuevo,Esmeraldas,7 Meses,,
Licuadora Echef Qfb 15501,Electrodomésticos,42,Nuevo,"Quito, Pichincha ( Quito )",7 Años,99% de compradores lo recomiendan,Tarjeta de Crédito
Licuadora Sankey 4 Velocidades Jarra Vidrio 1.25 Litros,Electrodomésticos,38,Nuevo,"Quito, Pichincha ( Quito )",1 Año,,Tarjeta de Crédito
Licuadora 15 Lts Baja Rotacion Basculante Impoexito,Electrodomésticos,901,Nuevo,"Ambato, Tungurahua",2 Años,,
"Licuadora Oster Blsteg7805l-013 , 12 Velocidades Nueva",Electrodomésticos,90,Nuevo,"Quito, Pichincha ( Quito )",4 Años,92% de compradores lo recomiendan,Tarjeta de Crédito
Licuadora Led Rojo 110vac,Electrodomésticos,36,Nuevo  -  3 vendidos,"Ambato, Tungurahua",3 Años,,Tarjeta de Crédito
Licuadora Oster 3 Velocidades Moderna,Electrodomésticos,74,Nuevo,"Quito, Pichincha ( Quito )",1 Año,,Tarjeta de Crédito
Licuadora Oster Bpsto2 Prof Inc Iva,Electrodomésticos,99,Nuevo,"Quito, Pichincha ( Quito )",11 Meses,,Efectivo
Promocioneslafamilia Licuadoras Vaso De Vidrio Originales,Electrodomésticos,59,Nuevo  -  1 vendido,"Quito, Pichincha ( Quito )",12 Años,,Efectivo
Licuadora Silver Con Motor Reversible 600w Oster -brly07-s00,Electrodomésticos,132,Nuevo,"Quito, Pichincha ( Quito )",4 Años,92% de compradores lo recomiendan,Tarjeta de Crédito
Licuadoras Frigidaire Proffesional 600 Watts. Nuevas,Electrodomésticos,85,Nuevo,"Guayaquil, Guayas",2 Años,,
Licuadora Boton Oster 6805,Electrodomésticos,92,Nuevo,"Quito, Pichincha ( Quito )",4 Años,92% de compradores lo recomiendan,Tarjeta de Crédito
Licuadora Hamilton Beach Commercial Hbb908,Electrodomésticos,210,Nuevo,"Quito, Pichincha ( Quito )",12 Años,,Efectivo
Licuadoras Frigidaire. Nuevas 600 Watts 110 Voltios,Electrodomésticos,85,Nuevo,"Guayaquil, Guayas",2 Años,,
Licuadora Kitchenaid - Como Nueva,Electrodomésticos,230,Usado,"Quito, Pichincha ( Quito )",2 Años,,Efectivo
Licuadora Hamilton Beach Con 14 Funciones 54220,Electrodomésticos,47,Nuevo,"Manta, Manabí",1 Año,,Tarjeta de Crédito
Licuadora Vaso De Vidrio Oster Mod. Blstmg-rd0 Inc. Iva,Electrodomésticos,56,Nuevo,"Quito, Pichincha ( Quito )",2 Años,95% de compradores lo recomiendan,Tarjeta de Crédito
Licuadora Oster Brly07-z003,Electrodomésticos,104,Nuevo,"Quito, Pichincha ( Quito )",1 Año,100% de compradores lo recomiendan,Tarjeta de Crédito
Licuadora Profesional Oster Pica Tritura Licúa Original,Electrodomésticos,99,Nuevo  -  1 vendido,"Guayaquil, Guayas",11 Meses,,
Licuadora Samurai Nuevas,Electrodomésticos,55,Nuevo,,4 Meses,,
Licuadora Oster 7890r Reversible Roja,Electrodomésticos,80,Nuevo,"Quito, Pichincha ( Quito )",5 Años,,Efectivo
Licuadora Marca Oster,Electrodomésticos,75,Nuevo,"Durán, Guayas",11 Años,,
Licuadora Clásica De 3 Velocidades Oster !!nueva!!,Electrodomésticos,69,Nuevo,"Quito, Pichincha ( Quito )",5 Años,,
"Licuadora Tradicional Oster,600 Vtios , 3 Velocidades",Electrodomésticos,75,Nuevo,"Quito, Pichincha ( Quito )",6 Años,,Efectivo
Vendo Vaporera Y Extractor De Jugo + Licuadora,Electrodomésticos,60,Usado,"Babahoyo, Los Ríos",,,Efectivo
Licuadora Hamilton Beach 10 Velocidades 50161n,Electrodomésticos,39,Nuevo,"Guayaquil, Guayas",8 Años,99% de compradores lo recomiendan,Tarjeta de Crédito
"Licuadora Oster Blsteg7805w-013, 12 Velocidades - Nueva",Electrodomésticos,90,Nuevo,"Quito, Pichincha ( Quito )",4 Años,92% de compradores lo recomiendan,Tarjeta de Crédito
Horno Microondas General Electric Jes70se Color Grafito,Electrodomésticos,90,Nuevo  -  1 vendido,"Guayaquil, Guayas",4 Años,,Efectivo
Licuadora Oster Reversible 100% Original... No Copias!!!,Electrodomésticos,129,Nuevo  -  135 vendidos,"Guayaquil, Guayas",5 Años,99% de compradores lo recomiendan,Efectivo
Extractor De Jugos Frutas Enteras Westi Promocioneslafamilia,Electrodomésticos,135,Nuevo,"Quito, Pichincha ( Quito )",12 Años,,Efectivo
Parrilla Sanduchera Prensa Panini Promocioneslafamilia,Electrodomésticos,130,Nuevo,"Quito, Pichincha ( Quito )",12 Años,,Efectivo
Dispensador Para Mezón Color Silver Promocioneslafamilia,Electrodomésticos,96,Nuevo,"Quito, Pichincha ( Quito )",12 Años,,Efectivo
Horno Tostador Promocioneslafamilia,Electrodomésticos,174,Nuevo,"Quito, Pichincha ( Quito )",12 Años,,Efectivo
Aspiradora De 2.0 Litros Promocioneslafamilia,Electrodomésticos,120,Nuevo,"Quito, Pichincha ( Quito )",12 Años,,Efectivo
Horno Microondas 20 Litros Promocioneslafamilia,Electrodomésticos,120,Nuevo,"Quito, Pichincha ( Quito )",12 Años,,Efectivo
Horno Multifuncional Desayunador Negro Promocioneslafamilia,Electrodomésticos,160,Nuevo,"Quito, Pichincha ( Quito )",12 Años,,Efectivo
Horno Tostador Rostizador 25 Litros Promocioneslafamilia,Electrodomésticos,120,Nuevo,"Quito, Pichincha ( Quito )",12 Años,,Efectivo
Horno Multifuncional Desayunador Blanco Promocioneslafamilia,Electrodomésticos,170,Nuevo,"Quito, Pichincha ( Quito )",12 Años,,Efectivo
Por Motivo De Viaje,Electrodomésticos,1.600,Nuevo,"Quito, Pichincha ( Quito )",,,
Batidora De Inmersión Hamilton Beach Promocioneslafamilia,Electrodomésticos,95,Nuevo,"Quito, Pichincha ( Quito )",12 Años,,Efectivo
Plancha A Vapor Express Promocioneslafamilia,Electrodomésticos,60,Nuevo,"Quito, Pichincha ( Quito )",12 Años,,Efectivo
Calefactor Ventilador Aire Cali Y Frío Promocioneslafamilia,Electrodomésticos,29,Nuevo,"Quito, Pichincha ( Quito )",12 Años,,Efectivo
Tostadoras 2 Panes Funciones Especiales Promocioneslafamilia,Electrodomésticos,75,Nuevo,"Quito, Pichincha ( Quito )",12 Años,,Efectivo
Horno Tostador Portátil 14 Litros Promocioneslafamilia,Electrodomésticos,90,Nuevo,"Quito, Pichincha ( Quito )",12 Años,,Efectivo
Vendo Artículos De Hogar,Electrodomésticos,1,Usado,"Quito, Pichincha ( Quito )",1 Año,,
Extractor De Jugos Frutas Enteras T Promocioneslafamilia,Electrodomésticos,105,Nuevo,"Quito, Pichincha ( Quito )",12 Años,,Efectivo
Calefactor Ventilador Aire Cal Y Frío Promocioneslafamilia,Electrodomésticos,35,Nuevo,"Quito, Pichincha ( Quito )",12 Años,,Efectivo
Extractor De Jugos Motor Potente Oster Promocioneslafamilia,Electrodomésticos,95,Nuevo,"Quito, Pichincha ( Quito )",12 Años,,Efectivo
